รหัสประเภท,หน่วย,ชื่อ,รายละเอียดโดยย่อ,ราคาขาย/ต่อหน่วย,สต็อกขั้นต่ำให้แจ้งเตือน,บาร์โค้ด (ถ้ามี)
CAT001,แผ่น,MDF 2.5 มิล (ขายส่ง),,75,100,
CAT001,แผ่น,MDF  3 มิล,,100,100,
CAT001,แผ่น,MDF 3 มิล (ขายส่ง),,85,100,
CAT001,แผ่น,MDF 6 มิล,,195,100,
CAT001,แผ่น,MDF 9 มิล,,270,100,
CAT001,แผ่น,MDF 12 มิล,,300,100,
CAT001,แผ่น,MDF 15 มิล,,370,100,
CAT001,แผ่น,MDF 18 มิล,,440,100,
CAT001,แผ่น,MDF 25 มิล,,490,100,
CAT001,แผ่น,ปาติเกิลเคลือบเมลามีน ขาว 10 มิล,,360,50,
CAT001,แผ่น,ปาติเกิลเคลือบเมลามีน ขาว 16 มิล,,490,50,
CAT001,แผ่น,ปาติเกิลเคลือบเมลามีน ลาย 16 มิล,,590,50,
CAT001,แผ่น,ไม้อัดยาง 4 มิล เกรด A,,320,100,
CAT001,แผ่น,ไม้อัดยาง 4 มิล เกรด B,,300,100,
CAT001,แผ่น,ไม้อัดยาง 6 มิล เกรด A,,390,100,
CAT001,แผ่น,ไม้อัดยาง 6 มิล เกรด B,,370,100,
CAT001,แผ่น,ไม้อัดยาง 10 มิล เกรด A,,495,100,
CAT001,แผ่น,ไม้อัดยาง 10 มิล เกรด B,,465,100,
CAT001,แผ่น,ไม้อัดยาง 10 มิล เกรด C,,430,100,
CAT001,แผ่น,ไม้อัดยาง 10 มิล ไม้แบบ,,345,50,
CAT001,แผ่น,ไม้อัดยาง 15 มิล ตราภูเขา,,990,100,
CAT001,แผ่น,ไม้อัดยาง 15 มิล เกรด A,,790,100,
CAT001,แผ่น,ไม้อัดยาง 15 มิล เกรด B,,720,100,
CAT001,แผ่น,ไม้อัดยาง 15 มิล เกรด C,,650,100,
CAT001,แผ่น,ไม้อัดยาง 20 มิล ตราภูเขา,,1290,100,
CAT001,แผ่น,ไม้อัดยาง 20 มิล เกรด A,,990,100,
CAT001,แผ่น,ไม้อัดยาง 20 มิล เกรด B,,920,100,
,,ไม้อัดยาง 20 มิล เกรด C,,850,100,
CAT001,แผ่น,ไม้อัดพื้นเตียง 2 นิ้ว,,150,20,
CAT001,แผ่น,ไม้อัดพื้นเตียง 3 นิ้ว,,200,20,
CAT001,แผ่น,HMR 4 มิล,,190,100,
CAT001,แผ่น,HMR 6 มิล,,270,100,
CAT001,แผ่น,HMR 9 มิล,,370,100,
CAT001,แผ่น,HMR 12 มิล,,450,100,
CAT001,แผ่น,HMR 15 มิล,,550,100,
CAT001,แผ่น,HMR 17 มิล,,590,100,
CAT001,แผ่น,HMR 18 มิล,,650,100,
CAT001,แผ่น,ไม้อัดดัดโค้ง 4 มิล,,590,50,
CAT001,แผ่น,เมลามีนขาว 1 หน้า ขนาด 6 มิล,,430,50,
CAT001,แผ่น,เมลามีนขาว 1 หน้า ขนาด 9 มิล,,530,50,
CAT001,แผ่น,เมลามีนขาว 1 หน้า ขนาด 15 มิล,,680,50,
CAT001,แผ่น,เมลามีนขาว 1 หน้า ขนาด 18 มิล,,795,50,
CAT001,แผ่น,เมลามีนดำ 1 หน้า ขนาด 9 มิล,,740,50,
CAT001,แผ่น,เมลามีนดำ 1 หน้า ขนาด 15 มิล,,890,50,
CAT001,แผ่น,เมลามีนดำ 1 หน้า ขนาด 18 มิล,,950,50,
CAT001,แผ่น,เมลามีนขาว 2หน้า ขนาด 6 มิล,,495,50,
CAT001,แผ่น,เมลามีนขาว 2หน้า ขนาด 9 มิล,,590,50,
CAT001,แผ่น,เมลามีนขาว 2หน้า ขนาด 15 มิล,,760,50,
CAT001,แผ่น,เมลามีนขาว 2หน้า ขนาด 18 มิล,,860,50,
CAT001,แผ่น,บอร์ดขาว 3 มิล,,335,50,
CAT001,แผ่น,บอร์ดขาว 6 มิล,,485,50,
CAT001,แผ่น,บอร์ดขาว 10 มิล,,570,50,
CAT001,แผ่น,ไม้อัดปิดผิวกระดาษ 3 มิล,,165,50,
CAT001,แผ่น,ไม้อัดหน้ายาง/ยาง,,295,50,
CAT001,แผ่น,ไม้อัดพาราประสาน 16มิล,,1390,20,
CAT001,แผ่น,ไม้อัดพาราประสาน 20มิล,,1490,20,
CAT001,แผ่น,ไม้อัดชานอ้อยนอก,,460,50,
CAT001,แผ่น,ไม้อัดฟิล์มดำ 15 มิล,,460,50,
CAT001,แผ่น,ไม้อัดบล๊อกบอร์ด 15 มิล,,850,50,
CAT001,แผ่น,ไม้อัด OSB,,365,20,
CAT001,แผ่น,ไม้อัดสัก 4 ช่อ,,360,50,
CAT001,แผ่น,ไม้อัดสัก 6 ช่อ,,380,50,
CAT001,แผ่น,ไม้อัด แอช,,440,50,
CAT003,มัด,ไม้โครงเบญจพรรณ,,320,100,
CAT003,มัด,ไม้โครงทุเรียน,,360,100,
CAT003,มัด,ไม้โครงสะเดา,,390,100,
,,,,,,
CAT002,เส้น,ไม้คิ้ว รหัส 005 ขนาด 2.40 เมตร,ม. ละ 28,67.2,50,
CAT002,เส้น,ไม้คิ้ว รหัส 005 ขนาด 2.70 เมตร,,75.6,50,
CAT002,เส้น,ไม้คิ้ว รหัส 005 ขนาด 3.00 เมตร,,84,50,
CAT002,เส้น,ไม้คิ้ว รหัส 013 ขนาด 2.40 เมตร,ม. ละ 14,33.6,50,
CAT002,เส้น,ไม้คิ้ว รหัส 013 ขนาด 2.70 เมตร,,37.8,50,
CAT002,เส้น,ไม้คิ้ว รหัส 018 ขนาด 2.40 เมตร,ม. ละ 18,43.2,50,
CAT002,เส้น,ไม้คิ้ว รหัส 025 ขนาด 2.40 เมตร,ม. ละ 28,67.2,50,
CAT002,เส้น,ไม้คิ้ว รหัส 025 ขนาด 2.70 เมตร,,75.6,50,
CAT002,เส้น,ไม้คิ้ว รหัส 029 ขนาด 2.40 เมตร,ม. ละ 16,38.4,50,
CAT002,เส้น,ไม้คิ้ว รหัส 029 ขนาด 2.70 เมตร,,43.2,50,
CAT002,เส้น,ไม้คิ้ว รหัส 050 ขนาด 2.40 เมตร,ม. ละ 36,86.4,50,
CAT002,เส้น,ไม้คิ้ว รหัส 050 ขนาด 2.70 เมตร,,97.2,50,
CAT002,เส้น,ไม้คิ้ว รหัส 054 ขนาด 2.40 เมตร,ม. ละ 28,67.2,50,
CAT002,เส้น,ไม้คิ้ว รหัส 054 ขนาด 2.70 เมตร,,75.6,50,
CAT002,เส้น,ไม้คิ้ว รหัส 066 ขนาด 2.40 เมตร,ม. ละ 14,33.6,50,
CAT002,เส้น,ไม้คิ้ว รหัส 066 ขนาด 2.70 เมตร,,37.8,50,
CAT002,เส้น,ไม้คิ้ว รหัส 078 ขนาด 2.40 เมตร,ม. ละ 36,86.4,50,
CAT002,เส้น,ไม้คิ้ว รหัส 078 ขนาด 2.70 เมตร,,97.2,50,
CAT002,เส้น,ไม้คิ้ว รหัส 086 ขนาด 2.40 เมตร,ม. ละ 28,67.2,50,
CAT002,เส้น,ไม้คิ้ว รหัส 086 ขนาด 2.70 เมตร,,75.6,50,
CAT002,เส้น,ไม้คิ้ว รหัส 087 ขนาด 2.10 เมตร,ม. ละ 30,63,50,
CAT002,เส้น,ไม้คิ้ว รหัส 087 ขนาด 2.40 เมตร,,72,50,
CAT002,เส้น,ไม้คิ้ว รหัส 087 ขนาด 2.70 เมตร,,81,50,
CAT002,เส้น,ไม้คิ้ว รหัส 088 ขนาด 3.00 เมตร,ม. ละ 20,60,50,
CAT002,เส้น,ไม้คิ้ว รหัส 096 ขนาด 2.00 เมตร,ม. ละ 30,60,50,
CAT002,เส้น,ไม้คิ้ว รหัส 096 ขนาด 2.40 เมตร,,72,50,
CAT002,เส้น,ไม้คิ้ว รหัส 101 ขนาด 2.40 เมตร,ม. ละ 34,81.6,50,
CAT002,เส้น,ไม้คิ้ว รหัส 101 ขนาด 3.00 เมตร,,102,50,
CAT002,เส้น,ไม้คิ้ว รหัส 102 ขนาด 2.40 เมตร,ม. ละ 45,108,50,
CAT002,เส้น,ไม้คิ้ว รหัส 102 ขนาด 2.70 เมตร,,121.5,50,
CAT002,เส้น,ไม้คิ้ว รหัส 119 ขนาด 2.40 เมตร,ม. ละ 50,120,50,
CAT002,เส้น,ไม้คิ้ว รหัส 119 ขนาด 2.70 เมตร,,135,50,
CAT002,เส้น,ไม้คิ้ว รหัส 142 ขนาด 2.40 เมตร,ม. ละ 26,62.4,50,
CAT002,เส้น,ไม้คิ้ว รหัส A26 ขนาด 2.40 เมตร,ม. ละ 85,204,50,
CAT002,เส้น,ไม้คิ้ว รหัส A26 ขนาด 2.70 เมตร,,229.5,50,
CAT002,เส้น,ไม้คิ้ว รหัส A63 ขนาด 2.40 เมตร,ม. ละ 75,180,50,
CAT002,เส้น,ไม้คิ้ว รหัส A26 ขนาด 2.70 เมตร,,202.5,50,
CAT002,เส้น,คอบมุม 1 นิ้ว ขนาด 2.40 เมตร,ม. ละ 40,96,50,
CAT002,เส้น,คอบมุม 1 นิ้ว ขนาด 2.70 เมตร,,108,50,
CAT002,เส้น,บัวบน 2 นิ้ว ขนาด 2.40 เมตร,ม. ละ 50,120,50,
CAT002,เส้น,บัวบน 2 นิ้ว ขนาด 2.70 เมตร,,135,50,
CAT002,เส้น,บัวบน 3 นิ้ว ขนาด 3.00 เมตร,ม. ละ 70,210,50,
CAT002,เส้น,บัวบน 4 นิ้ว ขนาด 3.00 เมตร,ม. ละ 80,240,50,
CAT002,เส้น,บัวล่าง 4 นิ้ว ขนาด 3.00 เมตร,ม. ละ 80,240,50,
CAT002,เส้น,บัววงกบ 3 นิ้ว ขนาด 2.70 เมตร,ม. ละ 100,270,50,
CAT002,เส้น,บัววงกบ 3 นิ้ว ขนาด 3.00 เมตร,,300,50,
,,,,,,
CAT004,แผ่น,ลามิเนตสี รหัส A2440G,,670,10,
CAT004,แผ่น,ลามิเนตสี รหัส A2000G,,670,,
CAT004,แผ่น,ลามิเนตสี รหัส A1408G,,670,10,
CAT004,แผ่น,ลามิเนตสี รหัส A1303G,,670,10,
CAT004,แผ่น,ลามิเนตสี รหัส A2440M,,670,10,
CAT004,แผ่น,ลามิเนตสี รหัส A3022M,,670,10,
CAT004,แผ่น,ลามิเนตสี รหัส A1303M,,670,10,
CAT004,แผ่น,ลามิเนตสี รหัส A1037M,,670,10,
CAT004,แผ่น,ลามิเนตสี รหัส A1103M,,670,10,
CAT004,แผ่น,ลามิเนตสี รหัส A1408M,,670,10,
CAT004,แผ่น,ลามิเนตสี รหัส A1128M,,670,10,
CAT004,แผ่น,ลามิเนตสี รหัส A1104M,,670,10,
CAT004,แผ่น,ลามิเนตสี รหัส A1002M,,670,10,
CAT004,แผ่น,ลามิเนตสี รหัส A2000M,,670,10,
CAT004,แผ่น,ลามิเนตสี รหัส A1713M,,670,10,
CAT004,แผ่น,ลามิเนตสี รหัส A2073M,,670,10,
CAT004,แผ่น,ลามิเนตสี รหัส A2543M,,670,,
CAT004,แผ่น,ลามิเนตสี รหัส A2030M,,670,10,
CAT004,แผ่น,ลามิเนตสี รหัส A3009M,,670,10,
CAT004,แผ่น,ลามิเนตสี รหัส A1104M,,670,10,
CAT004,แผ่น,ลามิเนตสี รหัส A1104G,,,,
CAT004,แผ่น,ลามิเนตสี รหัส A1416M,,670,10,
CAT004,แผ่น,ลามิเนตลาย รหัส A8310M,,770,10,
CAT004,แผ่น,ลามิเนตลาย รหัส A8801M,,770,10,
CAT004,แผ่น,ลามิเนตลาย รหัส A7634M,,770,10,
CAT004,แผ่น,ลามิเนตลาย รหัส A8606M,,770,10,
CAT004,แผ่น,ลามิเนตลาย รหัส A7816M,,770,10,
CAT004,แผ่น,ลามิเนตลาย รหัส A8624M,,770,10,
CAT004,แผ่น,ลามิเนตลาย รหัส A8045M,,770,10,
CAT004,แผ่น,ลามิเนตลาย รหัส A6301M,,770,10,
CAT004,แผ่น,ลามิเนตลาย รหัส A7901M,,770,10,
CAT004,แผ่น,ลามิเนตลาย รหัส A8608M,,770,10,
CAT004,แผ่น,ลามิเนตลาย รหัส A8404M,,770,10,
CAT004,แผ่น,ลามิเนตลาย รหัส A7803M,,770,10,
CAT004,แผ่น,ลามิเนตลาย รหัส A8903M,,770,10,
CAT004,แผ่น,ลามิเนตลาย รหัส A7755M,,770,10,
CAT004,แผ่น,ลามิเนตลาย รหัส A4067M,,770,10,
CAT004,แผ่น,ลามิเนตลาย รหัส A8101M,,770,10,
CAT004,แผ่น,ลามิเนตลาย รหัส A8610M,,770,10,
CAT004,แผ่น,ลามิเนตลาย รหัส A8315M,,770,10,
CAT004,แผ่น,ลามิเนตลาย รหัส A8102M,,770,10,
CAT004,แผ่น,ลามิเนตลาย รหัส A7817M,,770,10,
CAT004,แผ่น,ลามิเนตลาย รหัส A7839M,,770,10,
CAT004,แผ่น,ลามิเนตลาย รหัส A7301M,,770,10,
CAT004,แผ่น,ลามิเนตลาย รหัส A7843M,,770,10,
CAT004,แผ่น,ลามิเนตลาย รหัส A7820M,,770,10,
CAT004,แผ่น,ลามิเนตลาย รหัส A8103M,,770,10,
CAT004,แผ่น,ลามิเนตลาย รหัส A7801M,,770,10,
CAT004,แผ่น,ลามิเนตลาย รหัส A8818M,,770,10,
CAT004,แผ่น,ลามิเนตลาย รหัส A8361M,,770,10,
CAT004,แผ่น,ลามิเนตลาย รหัส A8609M,,770,10,
CAT004,แผ่น,ลามิเนตลาย รหัส A8360M,,770,10,
CAT004,แผ่น,ลามิเนตลาย รหัส A8601M,,770,10,
CAT004,แผ่น,ลามิเนตลาย รหัส A7807M,,770,10,
CAT004,แผ่น,ลามิเนตลาย รหัส A7827M,,770,10,
CAT004,แผ่น,ลามิเนตลาย รหัส A8062M,,770,10,
CAT004,แผ่น,ลามิเนตลาย รหัส A8105M,,770,10,
CAT004,แผ่น,ลามิเนตลาย รหัส A7902M,,770,10,
CAT004,แผ่น,ลามิเนตลาย รหัส A7804M,,770,10,
CAT004,แผ่น,ลามิเนตลาย รหัส A8042M,,770,10,
CAT004,แผ่น,ลามิเนตลาย รหัส A8819M,,770,10,
CAT004,แผ่น,ลามิเนตลาย รหัส A8602M,,770,10,
CAT004,แผ่น,ลามิเนตลาย รหัส A8402M,,770,10,
CAT004,แผ่น,ลามิเนตขาวเงา G รหัส A1001,,320,20,
CAT004,แผ่น,ลามิเนตขาวด้าน S รหัส A1001,,320,20,
CAT004,แผ่น,ลามิเนตขาว M รหัส A1200,,420,20,
CAT004,แผ่น,ลามิเนตลายหินอ่อน รหัส A5534G,,800,10,
CAT004,แผ่น,ลามิเนตลายหินอ่อน รหัส A5534M,,800,10,
CAT004,แผ่น,ลามิเนตลายหินอ่อน รหัส A5525G,,800,10,
CAT004,แผ่น,ลามิเนตลายหินอ่อน รหัส PP3460HG,,800,10,
CAT004,แผ่น,หินเทียม DM6001,,1500,3,
CAT004,แผ่น,หินเทียม DM6001,,1500,3,
,,,,,,
CAT008,ชุด,รางลิ้นชัก 12 นิ้ว โมเดิร์นฟอร์ม,,60,30,
CAT008,ชุด,รางลิ้นชัก 12 นิ้ว โฮม,,60,30,
CAT008,ชุด,รางลิ้นชัก 12 นิ้ว แพนสยาม,,50,30,
CAT008,ชุด,รางลิ้นชัก 14 นิ้ว ไอเดีย,,60,30,
CAT008,ชุด,รางลิ้นชัก 16 นิ้ว แพนสยาม,,70,30,
CAT008,ชุด,รางลิ้นชักซอฟโคลส 10 นิ้ว ปิรามิด,,170,30,8859024910541
CAT008,ชุด,รางลิ้นชักซอฟโคลส 12 นิ้ว ไอเดียร์,,200,30,
CAT008,ชุด,รางลิ้นชักซอฟโคลส14 นิ้ว โมเดิร์นฟอร์ม,,230,30,8858808813009
CAT008,ชุด,รางลิ้นชักซอฟโคลส 16 นิ้ว ไอเดียร์,,260,30,
CAT008,ชุด,รางลิ้นชักซอฟโคลส 18 นิ้ว ไอเดียร์,,290,30,
CAT008,ชุด,รางลิ้นชักซอฟโคลส 20 นิ้ว โมเดิร์นฟอร์ม,,320,30,
CAT008,ชุด,รางลิ้นชักสองตอน 10 นิ้ว ปิรามิด,,100,30,8859024910541
CAT008,ชุด,รางลิ้นชักสองตอน 12 นิ้ว ไอเดียร์,,120,30,
CAT008,ชุด,รางลิ้นชักสองตอน 14 นิ้ว ไอเดียร์,,140,30,
CAT008,ชุด,รางลิ้นชักสองตอน 16 นิ้ว ไอเดียร์,,160,30,
CAT008,ชุด,รางลิ้นชักสองตอน 18 นิ้ว ไอเดียร์,,180,30,
CAT008,ชุด,รางลิ้นชัก 12 นิ้ว เฮเฟเล่,,90,30,
CAT008,ชุด,รางลิ้นชัก 14 นิ้ว เฮเฟเล่,,100,30,
CAT008,ชุด,รางลิ้นชัก 16 นิ้ว เฮเฟเล่,,110,30,
CAT008,ชุด,รางลิ้นชัก 18 นิ้ว เฮเฟเล่,,120,30,
CAT008,ชุด,รางลิ้นชัก 20 นิ้ว เฮเฟเล่,,130,30,
CAT008,ชุด,รางลิ้นชักซอฟโคลส 10 นิ้ว เฮเฟเล่,,400,30,8859543000556
CAT008,ชุด,รางลิ้นชักซอฟโคลส 12 นิ้ว เฮเฟเล่,,410,30,8858712497265
CAT008,ชุด,รางลิ้นชักซอฟโคลส 14 นิ้ว เฮเฟเล่,,430,30,8858712497159
CAT008,ชุด,รางลิ้นชักซอฟโคลส 16 นิ้ว เฮเฟเล่,,450,30,8858712497197
CAT008,ชุด,รางลิ้นชักซอฟโคลส 18 นิ้ว เฮเฟเล่,,470,30,8858712497166
CAT008,ชุด,รางลิ้นชักซอฟโคลส 20 นิ้ว เฮเฟเล่,,490,30,8858712497258
CAT008,ชุด,รางลิ้นชักสองตอน 8 นิ้ว เฮเฟเล่,,320,30,8858712466421
CAT008,ชุด,รางลิ้นชักสองตอน 10 นิ้ว เฮเฟเล่,,320,30,8855233010638
CAT008,ชุด,รางลิ้นชักสองตอน 12 นิ้ว เฮเฟเล่,,330,30,8855233015763
CAT008,ชุด,รางลิ้นชักสองตอน 14 นิ้ว เฮเฟเล่,,340,30,8855233010645
CAT008,ชุด,รางลิ้นชักสองตอน 16 นิ้ว เฮเฟเล่,,350,30,8855233010652
CAT008,ชุด,รางลิ้นชักสองตอน 18 นิ้ว เฮเฟเล่,,360,30,8855233010669
CAT008,ชุด,รางลิ้นชักสองตอน 20 นิ้ว เฮเฟเล่,,380,30,8855233016159
CAT008,ชุด,รางลิ้นชักสองตอน 10 นิ้ว โมเดิร์นฟอร์ม,,200,30,8858808716423
CAT008,ชุด,รางลิ้นชักสองตอน 12 นิ้ว โมเดิร์นฟอร์ม,,210,30,8858808716430
CAT008,ชุด,รางลิ้นชักสองตอน 14 นิ้ว โมเดิร์นฟอร์ม,,220,30,8858808716447
CAT008,ชุด,รางลิ้นชักสองตอน 16 นิ้ว โมเดิร์นฟอร์ม,,230,30,8858808716454
CAT008,ชุด,รางลิ้นชักสองตอน 18 นิ้ว โมเดิร์นฟอร์ม,,240,30,8858808716461
CAT008,ชุด,รางลิ้นชักสองตอน 20 นิ้ว โมเดิร์นฟอร์ม,,270,30,8858808716478
CAT008,ชุด,รางลิ้นชักสองตอน 12 นิ้ว TM,,120,30,
CAT008,ชุด,รางลิ้นชักสองตอน 14 นิ้ว TM,,140,30,
CAT008,ชุด,รางลิ้นชักสองตอน 20 นิ้ว TM,,200,30,
CAT008,ชุด,รางลิ้นชักลูกปืนรับใต้สองตอน 12 นิ้ว โมเดิร์นฟอร์ม,,340,30,8858808807398
CAT008,ชุด,รางลิ้นชักลูกปืนรับใต้สองตอน 14 นิ้ว โมเดิร์นฟอร์ม,,360,30,8858808807404
CAT008,ชุด,รางลิ้นชักลูกปืนรับใต้สองตอน 16 นิ้ว โมเดิร์นฟอร์ม,,380,30,
CAT008,ชุด,รางลิ้นชักลูกปืนรับใต้สองตอน 18 นิ้ว โมเดิร์นฟอร์ม,,400,30,8858808807435
CAT008,ชุด,รางลิ้นชักลูกปืนรับใต้สองตอน 20 นิ้ว โมเดิร์นฟอร์ม,,420,30,8858808807374
,,,,,,
CAT005,แกลลอน,สีน้ำมัน LOBSTER 905 Red เงา,,425,12,8858776906710
CAT005,แกลลอน,สีน้ำมัน LOBSTER 914 Light Broen เงา,,425,12,8858776907069
CAT005,แกลลอน,สีน้ำมัน LOBSTER 904 Brown เงา,,425,12,8858776906666
CAT005,แกลลอน,สีน้ำมัน LOBSTER 927 Dawn Grey เงา,,425,12,8858776907397
CAT005,แกลลอน,สีน้ำมัน LOBSTER M9666 ดำด้าน,,425,12,8858776908134
CAT005,แกลลอน,สีน้ำมัน LOBSTER 910 ดำเงา,ปริมาณ 3.5 ลิตร,425,12,8858776906888
CAT005,แกลลอน,สีทาเหล็กอเนกประสงค์ LOBSTER 4in1 M4910 ดำด้าน,ปริมาณ 3.4 ลิตร,550,12,885776949755
CAT005,แกลลอน,สีทาเหล็กอเนกประสงค์ LOBSTER 4in1 M4900 ขาวด้าน,,550,12,8858776949731
CAT005,แกลลอน,สีทาเหล็กอเนกประสงค์ LOBSTER 4in1 4927 Dawn Grey ,,550,12,8858776949670
CAT005,แกลลอน,สีทาเหล็กอเนกประสงค์ LOBSTER 4in1 4920 Lemon Yellow,,550,12,8858776949786
CAT005,แกลลอน,สีทาเหล็กอเนกประสงค์ LOBSTER 4in1 4914 Light Brown,,550,12,8858776949595
CAT005,แกลลอน,สีทาเหล็กอเนกประสงค์ LOBSTER 4in1 4910 ดำ,,550,12,8858776949656
CAT005,แกลลอน,สีทาเหล็กอเนกประสงค์ LOBSTER 4in1 4900 ขาว,,550,12,8858776949533
CAT005,แกลลอน,สีทาเหล็กอเนกประสงค์ LOBSTER 4in1 4950 Silver,,550,12,8858776949694
CAT005,แกลลอน,สีทาเหล็กอเนกประสงค์ LOBSTER 4in1 4915 Light Green,,550,12,8858776949618
CAT005,แกลลอน,สีทาเหล็กอเนกประสงค์ LOBSTER 4in1 4912 Orange,,550,12,8858776949571
CAT005,แกลลอน,สีทาเหล็กอเนกประสงค์ LOBSTER 4in1 4905 Red,,550,12,8858776949557
CAT005,แกลลอน,สีทาเหล็กอเนกประสงค์ LOBSTER 4in1 4977 River Blue,,550,12,8858776949717
CAT005,แกลลอน,สีพ่นอุตสาหกรรม เท็มโก้ T165 ดำด้าน,ขนาด 3.2 ลิตร,480,12,8858648331367
CAT005,แกลลอน,สีพ่นอุตสาหกรรม เท็มโก้ T166 ขาวด้าน,,480,12,8858648331374
CAT005,กระป๋อง,สีสเปรย์ ATM A200 WHAITE,,55,12,8858776951000
CAT005,กระป๋อง,สีสเปรย์ ATM A211 RED,,55,12,8858776951024
CAT005,กระป๋อง,สีสเปรย์ ATM A212 Flat Black,,55,12,8858776951031
CAT005,กระป๋อง,สีสเปรย์ ATM A218 Yellow,,55,12,8858776951093
CAT005,กระป๋อง,สีสเปรย์ ATM A210 Black,,55,12,8858776951017
CAT005,กระป๋อง,สีสเปรย์ ATM A10 Clear,,55,12,8858776951321
CAT005,กระป๋อง,สีสเปรย์ ATM A266 Primer Surfacer,,55,12,8858776951253
CAT005,กระป๋อง,สีสเปรย์ ATM A300 Bright Silver,,55,12,8858776951314
,,,,,,
CAT006,หลอด,แดป อคิลิคสีขาว Werkzeug,,50,24,8859566108888
CAT006,หลอด,ซิลิโคน จีพี SA-105,,110,24,9555075106894
CAT006,หลอด,กาวตะปู H.B.Fuller,,145,24,9312280414486
CAT006,หลอด,กาวตะปู Mixpro Bond,,100,24,8854368171832
CAT006,หลอด,กาวตะปู X'traseal,,100,24,9555075100144
CAT006,กระป๋อง,สเปรย์กันสนิม TOA RUST-PRO,,100,24,8850106736295
CAT006,กระป๋อง,สเปรย์กันปลวก เชนไดร้ท์1,,100,24,8851495000202
,,,,,,
CAT005,ถัง,ลีพ่นอุตสาหกรรม TOA สีขาว ,,3100,10,8850106008880
CAT005,ถัง,สีพ่นรองพื้นรถยนต์ TOA สีเทา,,2100,10,8850106031031
CAT005,ถัง,สีพ่นรองพื้นรถยนต์ TOA สีขาว,,2100,10,8850106031048
,,,,,,
CAT010,กล่อง,ลูกแม็กซ์ F10 HI-TOP,,60,24,8858673901016
CAT010,กล่อง,ลูกแม็กซ์ F15 HI-TOP,,65,24,8858673901023
CAT010,กล่อง,ลูกแม็กซ์ F20 HI-TOP,,75,24,8858673901030
CAT010,กล่อง,ลูกแม็กซ์ F25 HI-TOP,,85,24,8858673901047
CAT010,กล่อง,ลูกแม็กซ์ F30 HI-TOP,,95,24,8858673901054
CAT010,กล่อง,ลูกแม็กซ์ F35 HI-TOP,,130,24,8858673901061
CAT010,กล่อง,ลูกแม็กซ์ F40 HI-TOP,,140,24,8858673901078
CAT010,กล่อง,ลูกแม็กซ์ F45 HI-TOP,,150,24,8858673901085
CAT010,กล่อง,ลูกแม็กซ์ F50 HI-TOP,,180,24,8858673901092
CAT010,กล่อง,ลูกแม็กซ์ 1006J HI-TOP,,75,24,8858673901191
CAT010,กล่อง,ลูกแม็กซ์ 1008J HI-TOP,,75,24,8858673901207
CAT010,กล่อง,ลูกแม็กซ์ 1010J HI-TOP,,150,24,8858673901214
CAT010,กล่อง,ลูกแม็กซ์ 1013J HI-TOP,,95,24,8858673901726
CAT010,กล่อง,ลูกแม็กซ์ 1016J HI-TOP,,120,24,8858673901733
CAT010,กล่อง,ลูกแม็กซ์ T25 HI-TOP,,160,24,8858673901108
CAT010,กล่อง,ลูกแม็กซ์ T32 HI-TOP,,180,24,8858673901115
CAT010,กล่อง,ลูกแม็กซ์ T38 HI-TOP,,200,24,8858673901122
CAT010,กล่อง,ลูกแม็กซ์ T45 HI-TOP,,210,24,8858673901139
CAT010,กล่อง,ลูกแม็กซ์ T50 HI-TOP,,220,24,8858673901146
CAT010,กล่อง,ตะปูคอนกรีต ST18 HI-TOP,,140,24,8858673901474
CAT010,กล่อง,ตะปูคอนกรีต ST25 HI-TOP,,85,24,8858673901481
CAT010,กล่อง,ตะปูคอนกรีต ST32 HI-TOP,,180,24,8858673901498
CAT010,กล่อง,ตะปูคอนกรีต ST38 HI-TOP,,210,24,8858673901504
CAT010,กล่อง,ตะปูคอนกรีต ST45 HI-TOP,,235,24,8858673901511
CAT010,กล่อง,ตะปูคอนกรีต ST50 HI-TOP,,250,24,8858673901528
CAT010,กล่อง,ตะปูคอนกรีต ST57 HI-TOP,,275,24,8858673901535
CAT010,กล่อง,ตะปูคอนกรีต WT25  ROCKY,,150,24,
CAT010,กล่อง,ตะปูคอนกรีต WT32  HI-UP,,165,24,
CAT010,กล่อง,ตะปูคอนกรีต WT38  HI-UP,,175,24,
CAT010,กล่อง,ตะปูคอนกรีต WT45 ,,190,24,
CAT010,กล่อง,ตะปูคอนกรีต WT50  HI-TOP,,220,24,8858673901603
CAT010,กล่อง,ตะปูคอนกรีต FST18 HI-TOP,,160,24,8858673901641
CAT010,กล่อง,ตะปูคอนกรีต FST20 HI-TOP,,180,24,8858673901658
CAT010,กล่อง,ตะปูคอนกรีต FST25 HI-TOP,,200,24,8858673901665
CAT010,กล่อง,ตะปูคอนกรีต FST30 HI-TOP,,220,24,8858673901672
CAT010,กล่อง,ตะปูคอนกรีต FST35 HI-TOP,,240,24,8858673901689
CAT010,กล่อง,ตะปูคอนกรีต FST40 HI-TOP,,260,24,8858673901696
CAT010,กล่อง,ตะปูคอนกรีต FST45 HI-TOP,,270,24,8858673901702
,,,,,,
CAT008,เส้น,รางพลาสติก 2.5 เมตร,,45,20,
CAT008,ชุด,ล้อพลาสติก,,35,20,
CAT008,เส้น,รางล่าง ความยาว 2 เมตร,,140,20,
CAT008,เส้น,รางล่าง ความยาว 3 เมตร,,210,20,
CAT008,เส้น,รางล่าง ความยาว 4 เมตร,,280,20,
CAT008,เส้น,รางล่าง ความยาว 6 เมตร,,420,20,
CAT008,เส้น,รางเล็ก ความยาว 2 เมตร,,100,20,
CAT008,เส้น,รางเล็ก ความยาว 3 เมตร,,150,20,
CAT008,เส้น,รางเล็ก ความยาว 4 เมตร,,200,20,
CAT008,เส้น,รางเล็ก ความยาว 6 เมตร,,300,20,
CAT008,เส้น,รางเลื่อน เฮเฟเล่ ความยาว 2 เมตร,,520,20,
CAT008,เส้น,รางเลื่อน เฮเฟเล่ ความยาว 3 เมตร,,780,20,
CAT008,เส้น,รางเลื่อน เฮเฟเล่ ความยาว 4 เมตร,,1040,20,
CAT008,เส้น,รางเลื่อน เฮเฟเล่ ความยาว 6 เมตร,,1560,20,
CAT008,เส้น,รางเลื่อน โมเดิร์นฟอร์ม ความยาว 2 เมตร,,520,20,
CAT008,เส้น,รางเลื่อน โมเดิร์นฟอร์ม ความยาว 3 เมตร,,780,20,
CAT008,เส้น,รางเลื่อน โมเดิร์นฟอร์ม ความยาว 4 เมตร,,1040,20,
CAT008,เส้น,รางเลื่อน โมเดิร์นฟอร์ม ความยาว 6 เมตร,,1560,20,
CAT008,เส้น,รางเลื่อน แพนสยาม ความยาว 2 เมตร,,460,20,
CAT008,เส้น,รางเลื่อน แพนสยาม ความยาว 3 เมตร,,690,20,
CAT008,เส้น,รางเลื่อน แพนสยาม ความยาว 4 เมตร,,920,20,
CAT008,เส้น,รางเลื่อนแพนสยาม ความยาว 6 เมตร,,1380,20,
,,,,,,
CAT008,กล่อง,ลูกล้อรางเลื่อนเล็ก ปิรามิด 45 กิโลกรัม,,200,12,8859024914068
CAT008,กล่อง,ลูกล้อรางเลื่อน เฮเฟเล่ 60 กิโลกรัม,,590,12,8855233008345
CAT008,กล่อง,ลูกล้อรางเลื่อน เฮเฟเล่ 100 กิโลกรัม,,890,12,8855233008352
CAT008,กล่อง,อุปกรณ์บานเฟี้ยม 2 บาน เฮเฟเล่ 50 กิโล,499.72.077,950,12,8855233008369
CAT008,กล่อง,อุปกรณ์บานเฟี้ยม 3 บาน เฮเฟเล่ 30 กิโล,499.72.067,1400,12,8858712403266
CAT008,กล่อง,อุปกรณ์บานเฟี้ยม 4 บาน เฮเฟเล่ 30 กิโล,499.72.068,1600,12,8858712400043
CAT008,กล่อง,อุปกรณ์บานเฟี้ยม 6 บาน เฮเฟเล่ 30 กิโล,499.72.069,1950,12,8855233038236
CAT008,กล่อง,อุปกรณ์บานเฟี้ยม 2 บาน แพนสยาม 100 กิโล,PRO-SDZ007,450,12,
CAT008,กล่อง,อุปกรณ์บานเลื่อน แพนสยาม 60 กิโล,PRO-SDZ005,400,12,
CAT008,กล่อง,อุปกรณ์บานเลื่อน แพนสยาม 100 กิโล,PRO-SDZ006,490,12,
CAT008,กล่อง,อุปกรณ์บานเฟี้ยม 4 บาน ปิรามิด 30 กิโล,,550,12,
CAT008,ชุด,อุปกรณ์บานเลื่อน โมเดิร์นฟอร์ม 40 กิโล,,200,12,8858808815027
CAT008,กล่อง,อุปกรณ์บานเลื่อน โมเดิร์นฟอร์ม 60 กิโล,HD-JS-60-PLUS,400,12,8858808799914
CAT008,ชุด,กุญแจบานเลื่อน เบอรี่,,590,12,
CAT008,ชุด,กุญแจบานเลื่อน เฮเฟเล่,499.65.014,990,12,8859543016168
CAT008,กล่อง,โช๊คประตูแบบฝังพื้น เปิดสองทาง เฮเฟเล่,,1960,12,8859543003434
CAT008,ชุด,โช๊คประตู COLT 60 กิโล,รุ่น DC161,790,12,
CAT008,ชุด,โช๊คประตู เฮเฟเล่ 60 กิโล,489.30.011,1100,12,8855233031640
,,,,,,
CAT009,ชุด,ก้านบิดประตู COLT สีดำแป้นเหลี่ยม,TL2648 SQUARE ET MB,790,10,8859014952520
CAT009,ชุด,ก้านบิดประตู COLT สีเงินแป้นเหลี่ยม,BTL2818 ET SN,790,10,8859014949568
CAT009,ชุด,ก้านบิดประตู COLT สีเงินแป้นกลม,BTL1815 ET SN,790,10,8859014948660
CAT009,ชุด,ก้านบิดประตู COLT สีดำแป้นกลม,TL1649 ROUND ET MB,790,10,8859014952513
,,,,,,
CAT006,ปี๊บ,กาวยาง Dunlop สีแดง,,2590,5,
CAT006,ปี๊บ,กาวยาง Dunlop สีเขียว,,2250,5,
CAT006,ปี๊บ,กาวยาง MPP สีแดง,,1450,5,8859339191215
CAT006,ปี๊บ,กาวยาง MPP ชนิดพ่น,,1450,5,
CAT006,ปี๊บ,ทินเนอร์ ยี่ห้อไซโก้,,800,10,
CAT006,ปี๊บ,แอลกอฮอล์,,550,10,
CAT006,ปี๊บ,ทินเนอร์ โอเชี่ยน,,900,10,
CAT006,ปี๊บ,ทินเนอร์ K STAR,,750,10,
CAT006,ปี๊บ,น้ำมันสน,,750,10,
,,,,,,
CAT006,กล่อง,กาวลาเท็ก TOA 10 กก,,590,10,8850106095071
CAT006,กล่อง,กาวลาเท็ก ATM 10 กก,,590,10,8858776964062
CAT006,กล่อง,กาวลาเท็ก ATM 5 กก,,320,10,8858776964048
,,,,,,
CAT010,กล่อง,สกรู ขนาด 6*1/2 CB,,200,12,
CAT010,กล่อง,สกรู ขนาด 6*3/4,,250,12,
CAT010,กล่อง,สกรู ขนาด 6*2,,275,12,
CAT010,กล่อง,สกรู ขนาด 6*5/8 TPC,,230,12,
CAT010,กล่อง,สกรู ขนาด 6*3/4 TPC,,250,12,
CAT010,กล่อง,สกรู ขนาด 6*1 HI-TOP,,300,12,
CAT010,กล่อง,สกรู ขนาด 7*1 HI-TOP,,370,12,
CAT010,กล่อง,สกรู ขนาด 7*1 1/2 HI-TOP,,520,12,
CAT010,กล่อง,สกรู ขนาด 7*1 1/4 HI-TOP,,450,12,
CAT010,กล่อง,สกรู ขนาด 7*2 HI-TOP,,340,12,
CAT010,กล่อง,สกรู ขนาด 7*2 1/2 HI-TOP,,235,12,
CAT010,กล่อง,สกรู ขนาด 7*5/8 HI-TOP,,270,12,
CAT010,กล่อง,สกรู ขนาด 7*3/4 HI-TOP,,300,12,
CAT010,กล่อง,สกรู ขนาด 8*1 HI-TOP,,450,12,
CAT010,กล่อง,สกรู ขนาด 8*1 1/4 HI-TOP,,520,12,
CAT010,กล่อง,สกรู ขนาด 8*2 HI-TOP,,380,12,
CAT010,กล่อง,สกรู ขนาด 8*2 1/2 TPC,,450,12,
CAT010,กล่อง,สกรู ขนาด 8*3 HI-TOP,,350,12,
CAT010,กล่อง,สกรูปลายสว่าน ขนาด 8*3/4 HT,,250,12,
CAT010,กล่อง,สกรูปลายสว่าน ขนาด 8*1 HT,,300,12,
CAT010,กล่อง,สกรูปลายสว่าน ขนาด 8*1 1/4 TPC,,450,12,
CAT010,กล่อง,สกรูปลายสว่าน ขนาด 8*1 1/2 HT,,450,12,
CAT010,กล่อง,สกรูปลายสว่าน ขนาด 8*2 TPC,,400,12,
CAT010,กล่อง,สกรูปลายสว่าน ขนาด 8*2 1/2 แพนสยาม,,225,12,
CAT010,กล่อง,ตะปูยิงฝ้า ขนาด 1.1/2 D.W. SCREWS,,90,12,
CAT010,กล่อง,ตะปูยิงฝ้า ขนาด 1 นิ้ว D.W. SCREWS,,80,12,
CAT010,กล่อง,ตะปูยิงฝ้า ขนาด 3/4 D.W. SCREWS,,80,12,
CAT010,กล่อง,สกรูปลายสว่าน หัวเหลี่ยมเกลียว 2ชั้น TPC,,300,12,
CAT010,กล่อง,สกรูปลายสว่านหัวโดม ขนาด 8*2 ขาว แพนสยาม,,320,12,
CAT010,กล่อง,สกรูปลายสว่านหัวร่ม ขนาด 8*1 1/2 ขาว RHN,,450,12,
CAT010,กล่อง,สกรูปลายสว่านหัวเวเฟอร์ ขนาด 8*1 1/4 ขาว HT,,450,12,
CAT010,กล่อง,สกรูปลายสว่านหัวโดม ขนาด 8*1 ขาว M,"SD #8-18x1"" D",660,12,
CAT010,กล่อง,สกรูปลายสว่านหัวโดม ขนาด 8*3/4 ขาว แพนสยาม,,525,12,641100000685
CAT010,กล่อง,สกรูปลายสว่านหัวเวเฟอร์ ขนาด 8*1/2 ขาว HT,,225,12,
CAT010,กล่อง,สกรูปลายสว่านหัวกระทะ ขนาด 8*1/2 S,,435,12,
CAT010,กล่อง,สกรูเกลียว ขนาด 6*1,,300,12,
CAT010,กล่อง,สกรูเกลียว ขนาด 6*3/4,,250,12,
CAT010,กล่อง,สกรูเกลียว ขนาด 6*5/8,,230,12,
CAT010,กล่อง,สกรูเกลียว ขนาด 6*1/2,,200,12,
,,,,,,
CAT013,ถุง,สกรูเกลียว ขนาด 6*1/4 (แบ่ง),,40,5,
CAT013,ตัว,สกรูเกลียว ขนาด 6*5/8 (สองตัว),2ตัว,1,5,
CAT013,ถุง,สกรูเกลียว ขนาด 6*5/8 (แบ่ง),,45,5,
CAT013,ถุง,สกรูเกลียว ขนาด 6*3/4 (แบ่ง),,50,5,
CAT013,ตัว,สกรูเกลียว ขนาด 6*1 (ตัว),3ตัว,2,5,
CAT013,ถุง,สกรูเกลียว ขนาด 6*1 (แบ่ง),,60,5,
CAT013,ตัว,สกรูเกลียว ขนาด 6*1 1/2 (ตัว),,1,5,
CAT013,ตัว,สกรูเกลียว ขนาด 6*1/2 (ตัว),3ตัว,1,5,
CAT013,ถุง,สกรูเกลียว ขนาด 6*1/2 (แบ่ง),,70,5,
CAT013,ถุง,สกรูเกลียว ขนาด 6*2 (แบ่ง),,85,5,
CAT013,ตัว,สกรูเกลียว ขนาด 7*5/8 (สองตัว),2ตัว,1,5,
CAT013,ถุง,สกรูเกลียว ขนาด 7*5/8 (แบ่ง),,45,5,
CAT013,ตัว,สกรูเกลียว ขนาด 7*3/4 (ตัว),2ตัว,1,5,
CAT013,ถุง,สกรูเกลียว ขนาด 7*3/4 (แบ่ง),,50,5,
CAT013,ตัว,สกรูเกลียว ขนาด 7*1 (ตัว),3ตัว,2,5,
CAT013,ถุง,สกรูเกลียว ขนาด 7*1 (แบ่ง),,65,5,
CAT013,ตัว,สกรูเกลียว ขนาด 7*1 1/4 (ตัว),,1,5,
CAT013,ถุง,สกรูเกลียว ขนาด 7*1 1/4 (แบ่ง),,70,5,
CAT013,ตัว,สกรูเกลียว ขนาด 7*1 1/2 (ตัว),,1,5,
CAT013,ถุง,สกรูเกลียว ขนาด 7*1 1/2 (แบ่ง),,90,5,
CAT013,ตัว,สกรูเกลียว ขนาด 7*2 (ตัว),,2,5,
CAT013,ถุง,สกรูเกลียว ขนาด 7*2 (แบ่ง),,100,5,
CAT013,ตัว,สกรูเกลียว ขนาด 7*2 1/2 (ตัว),,2,5,
CAT013,ถุง,สกรูเกลียว ขนาด 7*2 1/2 (แบ่ง),,110,5,
CAT013,ถุง,สกรูเกลียว ขนาด 8*1 (แบ่ง),,70,5,
CAT013,ถุง,สกรูเกลียว ขนาด 8*1 1/4(แบ่ง),,80,5,
CAT013,ตัว,สกรูเกลียว ขนาด 8*1 1/2 (ตัว),,1,5,
CAT013,ถุง,สกรูเกลียว ขนาด 8*1 1/2 (แบ่ง),,100,5,
CAT013,ตัว,สกรูเกลียว ขนาด 8*2 (ตัว),,2,5,
CAT013,ถุง,สกรูเกลียว ขนาด 8*2 (แบ่ง),,120,5,
CAT013,ตัว,สกรูเกลียว ขนาด 8*3 (ตัว),,3,5,
CAT013,ถุง,สกรูเกลียว ขนาด 8*3 (แบ่ง),,130,5,
CAT013,ตัว,สกรูเกลียว ขนาด 8*2 1/2 (ตัว),,2,5,
CAT013,ถุง,สกรูเกลียว ขนาด 8*2 1/2 (แบ่ง),,110,5,
CAT013,ถุง,สกรูปลายสว่าน 7*1 ขาว (แบ่ง),,70,5,
CAT013,ถุง,สกรูปลายสว่าน 7*3/4 ขาว (แบ่ง),,65,5,
CAT013,ถุง,สกรูปลายสว่านหัวโดม 8*2 (แบ่ง),,145,5,
CAT013,ถุง,สกรูปลายสว่านหัวร่ม 8*1 1/2 (แบ่ง),,140,5,
CAT013,ถุง,สกรูปลายสว่านหัวเวเฟอร์ 8*1 1/4 ขาว (แบ่ง),,110,5,
CAT013,ถุง,สกรูปลายสว่าน 8*1 (แบ่ง),,90,5,
CAT013,ถุง,สกรูปลายสว่าน 8*3/4 (แบ่ง),,80,5,
CAT013,ถุง,สกรูปลายสว่าน 8*1/2 (แบ่ง),,60,5,
CAT013,ถุง,สกรูปลายสว่าน 8*2 รุ้ง(แบ่ง),,120,5,
CAT013,ถุง,สกรูปลายสว่าน 8*1 1/2 รุ้ง(แบ่ง),,110,5,
CAT013,ถุง,สกรูปลายสว่าน 8*1 1/4 รุ้ง(แบ่ง),,100,5,
CAT013,ถุง,สกรูปลายสว่าน 8*1 รุ้ง(แบ่ง),,80,5,
CAT013,ถุง,สกรูปลายสว่าน 8*3/4 รุ้ง(แบ่ง),,65,5,
CAT013,ถุง,สกรูปลายสว่าน 8*1/2 รุ้ง(แบ่ง),,65,5,
CAT013,ถุง,สกรูปลายสว่าน รุ้ง(แบ่ง),,125,5,
CAT013,ถุง,สกรูปลายสว่าน รุ้ง(แบ่ง),,135,5,
CAT013,ถุง,สกรูปลายสว่าน รุ้ง(แบ่ง),,150,5,
CAT013,ตัว,สกรูปลายสว่านEPDM 10*12*4,,5,5,
CAT013,ตัว,สกรูปลายสว่านEPDM 10*12*3,,4,5,
CAT013,ตัว,สกรูปลายสว่านชุบดาโก้ 14*48,,4,5,
CAT013,ตัว,สกรูปลายสว่านEPDM 10*12*3 1/2,,5,5,
CAT013,ตัว,สกรูปลายสว่านEPDM 10*12*2,,4,5,
CAT013,ถุง,สกรูไม้ฝาปลายแหลม 1นิ้ว,,70,5,
CAT013,ถุง,สกรูไม้ฝาปลายแหลม 2 1/2นิ้ว,,110,5,
CAT013,ถุง,สกรูไม้ฝาปลายแหลม 1 1/2นิ้ว,,75,5,
,,,,,,
CAT008,เส้น,ราวกลม 1 เมตร,,135,10,
CAT008,เส้น,ราวกลม 2 เมตร,,270,10,
CAT008,เส้น,ราวกลม 3 เมตร,,405,10,
CAT008,เส้น,ราวกลม 4 เมตร,,540,10,
CAT008,เส้น,ราวกลม 6 เมตร (ตัดครั้งเดียว),,650,10,
CAT008,เส้น,ราวรูปไข่ 1 เมตร,,135,10,
CAT008,เส้น,ราวรูปไข่ 2 เมตร,,270,10,
CAT008,เส้น,ราวรูปไข่ 3 เมตร,,405,10,
CAT008,เส้น,ราวรูปไข่ 4 เมตร,,540,10,
CAT008,เส้น,ราวรูปไข่ 6 เมตร (ตัดครั้งเดียว),,650,10,
,,,,,,
CAT013,กิโล,ตะปูเฟอร์ ขนาด 5/8*19,,110,5,
CAT010,ลัง,ตะปูเฟอร์ ขนาด 5/8*19,,1100,5,
CAT013,กิโล,ตะปูเฟอร์ ขนาด 1*18,,110,5,
CAT010,ลัง,ตะปูเฟอร์ ขนาด 1*18,,960,5,
CAT013,กิโล,ตะปูเฟอร์ ขนาด 1 1/4*17,,100,5,
CAT010,ลัง,ตะปูเฟอร์ ขนาด 1 1/4*17,,940,5,
CAT013,กิโล,ตะปูเฟอร์ ขนาด 1 1/2*16,,100,5,
CAT010,ลัง,ตะปูเฟอร์ ขนาด 1 1/2*16,,940,5,
CAT013,กิโล,ตะปูเฟอร์ ขนาด 2*14,,90,5,
CAT010,ลัง,ตะปูเฟอร์ ขนาด 2*14,,890,5,
CAT013,กิโล,ตะปูเฟอร์ ขนาด 2 1/2*13,,90,5,
CAT010,ลัง,ตะปูเฟอร์ ขนาด 2 1/2*13,,890,5,
CAT013,กิโล,ตะปูหัวโต 1*16,,80,5,
CAT010,ลัง,ตะปูหัวโต 1*16,,940,5,
CAT013,กิโล,ตะปูหัวโต 2 1/2*10,,80,5,
CAT010,ลัง,ตะปูหัวโต 2 1/2*10,,890,5,
CAT013,กิโล,ตะปูหัวโต 3*10,,80,5,
CAT010,ลัง,ตะปูหัวโต 3*10,,890,5,
CAT013,กิโล,ตะปูหัวโต 2*13,,90,5,
CAT010,ลัง,ตะปูหัวโต 2*13,,890,5,
,,,,,,
CAT014,แผง,ดอกสว่าน 5/32 มงกุฏ,,50,10,
CAT014,แผง,ดอกสว่าน 1/4 มงกุฏ,,80,10,
CAT014,แผง,ดอกสว่าน 5/64 มงกุฏ,,40,10,
CAT014,แผง,ดอกสว่าน 1/8 มงกุฏ,,60,10,
CAT014,แผง,ดอกสว่าน 9/64 มงกุฏ,,50,10,
CAT014,แผง,ดอกสว่าน 5/16 มงกุฏ,,120,10,
CAT014,แผง,ดอกสว่าน 3/8 มงกุฏ,,180,10,
CAT014,แผง,ดอกสว่าน 1/2 มงกุฏ,,280,10,
CAT013,ดอก,ดอกสว่าน 19/64 CROWN,,60,10,
CAT013,ดอก,ดอกสว่าน 1/4 CROWN,,50,10,
CAT013,ดอก,ดอกสว่าน 7/32 CROWN,,45,10,
CAT013,ดอก,ดอกสว่าน 15/64 CROWN,,50,10,
CAT013,ดอก,ดอกสว่าน 13/64 CROWN,,35,10,
CAT013,ดอก,ดอกสว่าน 3/32 CROWN,,20,10,
CAT013,ดอก,ดอกสว่าน 7/64 CROWN,,25,10,
CAT013,ดอก,ดอกสว่าน 1/16 CROWN,,20,10,
CAT014,ชิ้น,ดอกสว่านโรตารี่ 5.5*160 ตรามงกุฏ,,85,10,745760846344
CAT014,ชิ้น,ดอกสว่านโรตารี่ 6.5*160 ตรามงกุฏ,,85,10,745760846382
CAT014,ชิ้น,ดอกสว่านโรตารี่ 6.5*110 ตรามงกุฏ,,75,10,745760846375
CAT014,ชิ้น,ดอกสว่านโรตารี่ 5.5*110 ตรามงกุฏ,,75,10,745760846337
CAT014,ชิ้น,ดอกสว่าน 3.5 มิล HH WERKZEUG,10.100012,50,10,8859566100127
CAT014,ชิ้น,ดอกสว่าน 4 มิล HH WERKZEUG,10.100013,50,10,8859566100134
CAT014,ชิ้น,ดอกสว่าน 6.5 มิล HH WERKZEUG,10.100018,80,10,8859566100189
CAT014,ชิ้น,ดอกสว่าน 8 มิล HH WERKZEUG,10.100021,120,10,8859566100219
CAT014,ชิ้น,ดอกสว่านเจาะคอนกรีต 6*160 META,,75,10,
CAT014,ชิ้น,ดอกสว่านเจาะคอนกรีต 6.5*160 META,,75,10,
CAT014,ชิ้น,ดอกสว่านเจาะปูน 6*110 HH WERKZEUG,,95,10,8859566101520
CAT014,ชิ้น,ดอกสว่านเจาะปูน 6.5*160 HH WERKZEUG,,85,10,8859566101759
CAT014,ชิ้น,ดอกสว่านเจาะปูน 8*160 HH WERKZEUG,,95,10,8859566101773
CAT013,ใบ,ใบเลื่อยจิ๊กซอว์ MX144D 4มิล MAXMA (แบ่ง),,25,10,
CAT014,แผง,ใบเลื่อยจิ๊กซอว์ MX144D 4มิล MAXMA,,100,10,8858989564035
CAT013,ใบ,ใบเลื่อยจิ๊กซอว์ MX#3 2.8มิล MAXMA (แบ่ง),,25,10,
CAT014,แผง,ใบเลื่อยจิ๊กซอว์ MX#3 2.8มิล MAXMA,,100,10,8858989564066
CAT013,ใบ,ใบเลื่อยจิ๊กซอว์ MX118A 1.2มิล MAXMA (แบ่ง),,25,10,
CAT014,แผง,ใบเลื่อยจิ๊กซอว์ MX118A 1.2มิล MAXMA,,100,10,8858989564004
CAT013,ใบ,ใบเลื่อยจิ๊กซอว์ MX101AO 1.4มิล MAXMA (แบ่ง),,25,10,
CAT014,แผง,ใบเลื่อยจิ๊กซอว์ MX101AO 1.4มิล MAXMA,,100,10,8858989564059
CAT013,ใบ,ใบเลื่อยจิ๊กซอว์ MX119BO 2มิล MAXMA (แบ่ง),,25,10,
CAT014,แผง,ใบเลื่อยจิ๊กซอว์ MX119BO 2มิล MAXMA,,100,10,8858989564042
CAT013,ใบ,ใบเลื่อยจิ๊กซอว์ MX111C 3มิล MAXMA (แบ่ง),,25,10,
CAT014,แผง,ใบเลื่อยจิ๊กซอว์ MX111C 3มิล MAXMA,,100,10,8858989503829
CAT013,ใบ,ใบเลื่อยจิ๊กซอว์ 8009 EXTRA (แบ่ง),,45,10,
CAT014,แผง,ใบเลื่อยจิ๊กซอว์ 8009 EXTRA,,170,10,
CAT013,ใบ,ใบเลื่อยจิ๊กซอว์ 8701 EXTRA (แบ่ง),,35,10,
CAT014,แผง,ใบเลื่อยจิ๊กซอว์ 8701 EXTRA,,100,10,
CAT014,กล่อง,แปรงถ่านเครื่องเจียร CB-51A MAKITA,,100,10,8838135776
CAT014,กล่อง,แปรงถ่านเครื่องเจียร CB-153 MAKITA,00-00-153-88,100,10,8858894001588
CAT014,กล่อง,แปรงถ่านเครื่องเจียร CB-100 MAKITA,00-00-100-88,100,10,8858894099592
CAT010,ตัว,หมุดปิดหัวน๊อต ขนาด 2.5 เซน,,30,10,
CAT013,ชิ้น,หมุดปิดหัวน๊อต ขนาด 2 เซน,,19,10,
CAT013,ชิ้น,หมุดปิดหัวน๊อต ขนาด 1.5 เซน,,16,10,
CAT013,ชิ้น,หมุดปิดหัวน๊อต ขนาด 1.2 เซน,,14,10,
CAT014,ถุง,หมุดปิดหัวน๊อตพลาสติก,,75,10,
CAT013,ชิ้น,หมุดปิดหัวน๊อตพลาสติก (แบ่ง),,1,10,
CAT014,ถุง,กระดุมพลาสติก,,65,10,
CAT013,ชิ้น,ฉากครอบมุมโต๊ะ สแตนเลส,,20,10,
CAT013,ชิ้น,ลูกยางปุ่มรับชั้น,,1,10,
CAT014,ถุง,ปุ่มรับชั้น ตัวผู้,,350,10,
CAT014,ถุง,ปุ่มรับชั้น ตัวเมีย,,250,10,
CAT013,ตัว,ปุ่มรับชั้น ตัวผู้,,4,10,
CAT013,ตัว,ปุ่มรับชั้น ตัวเมีย,,3,10,
CAT014,ถุง,ปุ่มรับชั้น ตัวผู้ โอริง,,350,10,
CAT014,ถุง,ปุ่มรับชั้น ตัวเมีย โอริง,,250,10,
CAT013,ตัว,ปุ่มรับชั้น ตัวผู้ โอริง,,4,10,
CAT013,ตัว,ปุ่มรับชั้น ตัวเมีย โอริง,,3,10,
CAT013,ตัว,ปุ่มรับชั้นเล็ก,,2,10,
CAT013,ตัว,ตะขอ 1 1/4,,5,10,
CAT013,ตัว,ตะขอ 1 1/4,,3,10,
CAT013,ตัว,ตะขอ 1 1/4,,3,10,
CAT013,ตัว,ตะขอ 1 1/2,,5,10,
CAT013,ตัว,ตะขอเบ็ด 1 ,,3,10,
CAT013,ตัว,ตะขอเบ็ด 3/4,,3,10,
,,,,,,
CAT014,ตัว,แป้นรับราวกลม แบบสวม,,12,20,
CAT014,ตัว,แป้นรับราวกลม แบบวาง,,16,20,
CAT014,คู่,แป้นรับราวกลม แบบหนา,,60,20,
CAT014,ตัว,แป้นรับราววงรี ขนาดเล็ก,,10,20,
CAT014,ตัว,แป้นรับราววงรี,,16,20,
CAT014,อัน,ตุ๊กตา ราวรี แพนสยาม,,60,20,
CAT014,คู่,ตุ๊กตา ราวรี,,20,20,
CAT014,อัน,ตุ๊กตา ราวกลม แบบบาง,,20,20,
CAT014,อัน,ตุ๊กตาสวมก้นทึบ ราวกลม,,60,20,
CAT014,อัน,ตุ๊กตา ราวกลม แบบหนา,,60,20,
CAT014,คู่,ตุ๊กตากลม 6 นิ้ว L (คู่ละ),,150,20,
,,,,,,
CAT015,ตัว,กลอนแบนแป้นเหลี่ยม,,10,20,
CAT015,ตัว,กลอนแบน 2.5 นิ้ว,,10,20,
CAT015,ตัว,กลอนแบนสีทอง 6เซน,,60,20,
CAT015,ตัว,กลอนแบนสีทอง 7.3เซน,,60,20,
CAT015,ตัว,บานพับถอดได้ ซ้าย,,20,20,
CAT015,ตัว,บานพับถอดได้ ขวา,,20,20,
CAT015,ถุง,หมุดลอย 4 เซน PP,,75,20,
CAT015,ถุง,หมุดลอย PP 1ชุด 2ตัว,,150,20,
CAT015,ถุง,หมุดปิดน๊อต 1ชุด 4ตัว,,150,20,
CAT015,ตัว,กดกระเด้ง สีขาว PP 001,,60,20,
CAT015,ตัว,กดกระเด้ง สีเทา PP 001,,60,20,
CAT015,ตัว,กดกระเด้ง สีเทา PP 002,,60,20,
CAT015,ตัว,กดกระเด้ง สีเทา 003,,55,20,
CAT015,ตัว,กดกระเด้ง สีดำ ปิรามิด 004,,60,20,
CAT015,ตัว,กดกระเด้งคู่ สีน้ำตาล ปิรามิด 005,,50,20,
CAT015,ตัว,กดกระเด้ง สีดำ ปิรามิด 005,,25,20,
CAT015,ตัว,กดกระเด้งเดี่ยว สีขาว 005,,25,20,
CAT015,ตัว,ก้ามปู JAPAN,,10,20,
CAT015,ตัว,ก้ามปูเล็ก,,10,20,
CAT015,ตัว,แม่เหล็กคู่ ,,30,20,
CAT015,ตัว,แม่เหล็กเดี่ยว สีขาว,,20,20,
CAT015,ตัว,แม่เหล็กเดี่ยว สีน้ำตาล,,20,20,
CAT015,ตัว,แม่เหล็กเดี่ยว ตัวเล็ก สีขาว,,10,20,
CAT015,ตัว,แม่เหล็กเดี่ยว ตัวเล็ก สีน้ำตาล,,10,20,
,,,,,,
CAT011,ชิ้น,ดอกเราท์เตอร์ 1/4x1/4 Hi-Top,HPP 20101,250,5,8858673940664
CAT011,ชิ้น,ดอกเราท์เตอร์ 1/4x5/16 Hi-Top,HPP 20102,295,5,8858673940671
CAT011,ชิ้น,ดอกเราท์เตอร์ 1/4x3/8 Hi-Top,DY 20103,295,5,8858673907544
CAT011,ชิ้น,ดอกเราท์เตอร์ 1/4x1/2 Hi-Top,HPP 20104,295,5,8858673940695
CAT011,ชิ้น,ดอกเราท์เตอร์ 1/2x1/4 Hi-Top,DY 20105,295,5,8858673907568
CAT011,ชิ้น,ดอกเราท์เตอร์ 1/2x5/16 Hi-Top,DY 20106,295,5,8858673907575
CAT011,ชิ้น,ดอกเราท์เตอร์ 1/2x3/8x1-1/4 Hi-Top,DY 10310,250,5,8858673908237
CAT011,ชิ้น,ดอกเราท์เตอร์ 1/2x1/2x1-1/4 Hi-Top,HPP10311,250,5,8858673940565
CAT011,ชิ้น,ดอกเราท์เตอร์ 1/4x3/4x3/4 Hi-Top,DY 10206,250,5,8858673907179
CAT011,ชิ้น,ดอกเราท์เตอร์ 1/4x5/8x20 Hi-Top,DY10205,250,5,8858673907162
CAT011,ชิ้น,ดอกเราท์เตอร์ 1/4x1/2x20 Hi-Top,DY 10204,200,5,8858673907155
CAT011,ชิ้น,ดอกเราท์เตอร์ 1/4x3/8x3/4 Hi-Top,DY 10203,200,5,8858673907148
CAT011,ชิ้น,ดอกเราท์เตอร์ 1/4x5/16x3/4 Hi-Top,HPP 10202,200,5,8858673940435
CAT011,ชิ้น,ดอกไขควง S2 PH2x65 mm. Hi-Top,SB265 B,200,5,8858673909081
CAT011,ชิ้น,ดอกไขควง S2 PH2x65 mm. Hi-Top,SB265 B,25,5,8858673909081
CAT011,ชิ้น,ดอกไขควง S2 PH2x65 mm. Hi-Top,SB265 S,200,5,8858673909074
CAT011,ชิ้น,ดอกไขควง S2 PH2x65 mm. Hi-Top,SB265 S,25,5,8858673909074
CAT011,ชิ้น,"ดอกเจาะรวมไม้ 1"" WoodDrills",,80,5,
CAT011,ชิ้น,ดอกเจาะไม้พาย 22 mm. Hi-Top,FW-22,70,5,8858673908831
CAT011,ชิ้น,"ดอกเจาะรวมไม้ 7/8"" WoodDrills",,70,5,
CAT011,ชิ้น,"ดอกเจาะรวมไม้ 3/4"" WoodDrills",,60,5,
CAT011,ชิ้น,"ดอกเจาะรวมไม้ 5/8"" WoodDrills",,50,5,
CAT011,ชิ้น,ดอกเจาะบานพับถ้วย 40 mm. Hi-Top,HS-09,350,5,8858673908954
CAT011,ชิ้น,ดอกเจาะบานพับถ้วย 40 mm. Hi-Top,HS-08,350,5,8858673908657
CAT011,ชิ้น,ดอกเจาะบานพับถ้วย 35 mm. Hi-Top,HS-07,295,5,8858673906998
CAT011,ชิ้น,ดอกเจาะบานพับถ้วย 35 mm. Hi-Top,HS-06,295,5,8858673906912
CAT011,ชิ้น,ดอกเราท์เตอร์ 1/4x3 mm. Hi-Top,DY10513,300,5,8858673913460
CAT011,ชิ้น,ดอกเราท์เตอร์ 1/4x4 mm. Hi-Top,DY10514,300,5,8858673913477
CAT011,ชิ้น,ดอกเราท์เตอร์ 1/2x4 mm. Hi-Top,DY10514,300,5,8858673913354
CAT011,ชิ้น,ดอกเราท์เตอร์ 1/2x3 mm. Hi-Top,DY 10503,300,5,8858673913347
CAT011,ชิ้น,ดอกเราท์เตอร์กล่อง (แยกขาย),,200,5,
CAT011,ชิ้น,ลูกปืนดอกเราท์เตอร์(ปลีก) BRD-6.35x3.15 Hi-Top,DY 20101,60,5,
CAT011,ชิ้น,ลูกปืนดอกเราท์เตอร์(10 ตัว) BRD-6.35x3.15 Hi-Top,DY 20101,500,5,
CAT011,ชิ้น,"ก๊อกลม 1/4"" (2 หุน) Hi-Top",BV-MF,65,5,8858673906691
CAT011,ชิ้น,"ก๊อกลม 1/4"" (2 หุน) Hi-Top",BV-MM,65,5,8858673906684
CAT011,ชิ้น,"ก๊อกลม 1/4"" (2 หุน) Hi-Top",BV-FF,65,5,8858673906707
CAT011,ชิ้น,ก๊อกลม (2 หุน) Hi-Top,SM20,90,5,8858673903331
CAT011,ชิ้น,ก๊อกลม (2 หุน) Hi-Top,SMY20,240,5,8858673903683
CAT011,ชิ้น,ก๊อกลม (2 หุน) Hi-Top,SMV20,200,5,8858673903010
CAT011,ชิ้น,ก๊อกลม (2 หุน) Hi-Top,SML20,200,5,8858673903034
CAT011,ชิ้น,บล็อคขันหกเหลี่ยม หัวแม่เหล็ก 10x45 Hi-Top,,35,5,88558673940305
CAT011,ชิ้น,ดอกไขควงลูกบล็อกแม่เหล็ก 8 mm. HH,10.100977,35,5,8859566105580
CAT011,ชิ้น,หัวกาพ่นสีแบบเฉียง Hi-Top,SG112,25,5,8858673909647
CAT011,ชิ้น,มีดอเนกประสงค์ Stanley,10-175,185,5,76174101751
CAT011,ชิ้น,มีดคัทเตอร์ Crown,SX1400,90,5,8420118090014
CAT011,ชิ้น,มีดคัทเตอร์ Crown,SX98-1,95,5,8420118090038
CAT011,ชิ้น,มีดคัทเตอร์ Crown,SX711,60,5,8420118090045
CAT011,ชิ้น,ใบมีด 18 mm. Stanley,11-301T,95,5,76174799248
CAT011,ชิ้น,"ไขควงสลับ 4"" Mix Pro",02-004-018,65,5,
CAT011,ชิ้น,"ไขควงสลับ 0.8 mm. x1/32"" Nail Set",110,40,5,
CAT011,ชิ้น,ไขควงลองไฟแบบปากกา 140 ml. มงกุฎ,11-1110,35,5,
CAT011,ชิ้น,ไขควง Sefanly,66-119,35,5,
CAT011,ชิ้น,หัวไขควง Tolsen,20360,200,5,6933528721222
CAT011,ชิ้น,ดอกสว่านอเนกประสงค์,MPD-5,200,5,8858673940749
CAT011,ชิ้น,ปืนไล่ฝุ่น #ทอง Hi-Top,DG-10,120,5,8858673909661
CAT011,ชิ้น,ปืนไล่ฝุ่น #ม่วง Hi-Top,DG-10,120,5,8858673909661
CAT011,ชิ้น,ชุดโฮวซอ 3 ชิ้น 22 mm. HH,,100,5,8859566104071
CAT011,ชิ้น,โฮวซอเจาะลูกบิด Zonic,HS 214,100,5,8858802900491
CAT011,ชิ้น,โฮลซอสำหรับเจาะไม้ Hi-Top,HS-01,195,5,8858673906844
CAT011,ชิ้น,ชุดโฮลซอเจาะไม้ 16 ตัว Hi-Top,HS-16S,495,5,88558673906820
CAT011,ชิ้น,ลิ้นปืนแท้ F30 Hi-Top,,400,5,
CAT011,ชิ้น,ลิ้นปืนแท้ ST64 Hi-Top,,495,5,
CAT011,ชิ้น,ลิ้นปืนแท้ F50 Hi-Top,,350,5,
CAT011,ชิ้น,หัวจับสว่าน 13 mm. Crown Drill Chuck,,150,5,
CAT011,ชิ้น,ลิ้นปืนแท้ F30 (5 mm.) Hi-Top,,150,5,
CAT011,ชิ้น,ลิ้นปืนแท้ 1022J Hi-Top,,150,5,
CAT011,ชิ้น,"ใบตัดเพชรงานก่อสร้าง 4"" HH",10.100581,195,5,8859566103302
CAT011,ชิ้น,"ใบตัดอเนกประสงค์ 4"" HH",10.100752,195,5,8859566103708
CAT011,ชิ้น,"ใบตัดเพชร X-Turbo 4"" HH",10.100748,195,5,8859566103661
CAT011,ชิ้น,ใบเลื่อย 4x24T Makita,,145,5,88381143103
CAT011,ชิ้น,"ใบเลื่อย 4""x30T มงกุฎ",,145,5,
CAT011,ชิ้น,ใบเลื่อย 110x20 mm. Makita,A-81365,145,5,88381142052
CAT011,ชิ้น,"ใบเลื่อย 4""x100T Makita",A-81985,195,5,88381143103
CAT011,ชิ้น,"ใบเลื่อยวงเดือน 7-1/4""x60T มงกุฎ",,425,5,
CAT011,ชิ้น,"ใบเลื่อยวงเดือน 7-1/4""x40T มงกุฎ",,395,5,
CAT011,ชิ้น,"ใบเลื่อยวงเดือน 7-1/4""x30T มงกุฎ",,395,5,
CAT011,ชิ้น,"ใบเลื่อยวงเดือน 7-1/4""x24T มงกุฎ",,395,5,
CAT011,ชิ้น,"ใบเลื่อยวงเดือน 8""x40T มงกุฎ",,425,5,
CAT011,ชิ้น,"ใบเลื่อยวงเดือน 8""x30T มงกุฎ",,495,5,
CAT011,ชิ้น,"ใบเลื่อยวงเดือน 8""x24T มงกุฎ",,425,5,
CAT011,ชิ้น,"ใบเลื่อยวงเดือน 9""x40T มงกุฎ",,595,5,
CAT011,ชิ้น,"ใบเลื่อยวงเดือน 9""x30T มงกุฎ",,595,5,
CAT011,ชิ้น,"ใบเลื่อยวงเดือน 9""x24T มงกุฎ",,595,5,
CAT011,ชิ้น,"ตลับเมตร 5m/16"" Stanley",33-158,150,5,76174331588
CAT011,ชิ้น,"ตลับเมตร 3.5m/12"" Crown",,90,5,
CAT011,ชิ้น,"ตลับเมตร 5m/16"" Crown",,120,5,
CAT011,ชิ้น,"ไขควงดอก 3x8"" Stanley",1-65-258,70,5,4775216525833
CAT011,ชิ้น,"คีมผูกลวดเหล็กเหนียว #เหลือง 8"" Stanley",1742,45,5,8851540841866
CAT011,ชิ้น,"คีมผูกลวดเหล็กเหนียว #แดง 8"" Stanley",1742,45,5,8851540841866
CAT011,ชิ้น,คีมตัดปลายลวด 115 mm. Goods Mann,EN-115,65,5,
CAT011,ชิ้น,คีมตัดปากเฉียง 115 mm. Goods Mann,DN-115N,65,5,
CAT011,ชิ้น,คีมตัดปากจระเข้ 115 mm. Goods Mann,CMP-135,65,5,
CAT011,ชิ้น,ไขควงไฟฟ้าไร้สาย Tolsen Tools,79010,1000,5,6933528788812
CAT011,ชิ้น,เครื่องเลเซอร์วัดระยะทาง 40 m. Hi-Top,LS-40m,1500,5,8858673913866
CAT011,ชิ้น,เครื่องเซาะร่องแกน 2 หุน 550W Hi-Top,TRM-255,1450,5,8858673914467
CAT011,ชิ้น,สว่านไฟฟ้า 2 หุน 380W Hi-Top,ED2-380w,950,5,8858673914313
CAT011,ชิ้น,กาพ่นสีไฟฟ้า 450W Hi-Top,LL-29B,1575,5,8858673913873
CAT011,ชิ้น,กาพ่นสี Brown Speedy,SG112,1150,5,
CAT011,ชิ้น,สว่านเจาะกระแทกไร้สาย 12v Hi-Top,CDM-12V,2150,5,8858673913736
CAT011,ชิ้น,สว่านเจาะกระแทก 4 หุน 800W Hi-Top,ID-800W,1550,5,8858673914092
CAT011,ชิ้น,กาพ่นสี 1.5 mm. Hi-Top,HT-03 (F-71G),790,5,8858673906769
CAT011,ชิ้น,กาพ่นสีแรงดันต่ำ Hi-Top,HT-01 (SG112),1150,5,8858673906745
CAT011,ชิ้น,"เครื่องเราท์เตอร์ 1,700W Hi-Top",RT-1700W,2650,5,8858673914368
CAT011,ชิ้น,"เลื่อยวงเดือน 7"" Hi-Top",CS-1550W,1950,5,8858673914351
CAT011,ชิ้น,ใบเลื่อยวงเดือน 10 inch Crown,,945,5,93184042690
CAT011,ชิ้น,โคมไฟพกพา 5M Tolsen,60050,370,5,6933528760085
CAT011,ชิ้น,เครื่องเป่าลม 600W Stanley,STPT600,2150,5,5035048498248
CAT011,ชิ้น,เครื่องขัดกระดาษทราย 280W Tolsen,79565,1750,5,6933528787822
CAT011,ชิ้น,"เครื่องเจียรไฟฟ้า 4"" Hi-Top",AG-720WS,1350,5,8858673914207
,,,,,,
CAT006,กระป๋อง,กาวยางดันล้อป LP #แดง 600g,250514H1,190,10,8858776800018
CAT006,กระป๋อง,กาวยางดันล้อป GP #เขียว 600g,250402H1,160,10,8858776800223
CAT006,กระป๋อง,กาว Dog X-66 600 ml.,,150,10,8859225706028
CAT006,กระป๋อง,กาวยาง MPP (กระป๋อง),20250422,140,10,1250027413508
CAT006,แกลลอน,เชนไดร้ท์ 1 ดีบี 5 ลิตร,LI0534,750,10,8851495000264
CAT006,กระป๋อง,SPS หมึกพิมพ์ สีน้ำเงินธรรมดา,334,280,10,
CAT006,กระป๋อง,SPT หมึกพิมพ์ สีดำ,WP6712,280,10,
CAT006,กระป๋อง,SPS หมึกพิมพ์ สีขาว,6086,280,10,
CAT006,กระป๋อง,SPT หมึกพิมพ์ สีเหลือง,WP611,280,10,
CAT006,กระป๋อง,SPT หมึกพิมพ์ สีแดงชุด,WP03,280,10,
CAT006,กระป๋อง,สีโป๊วพลาสติก No.540 1 kg. ATM,L24090302,125,10,8858776958511
CAT006,ชุด,เคมีโป๊ว #219 1.5 kgs. Bosny,0763-2-1,150,10,8850747219324
CAT006,ชุด,เอนดูร่า วู๊ดฟิลเลอร์ สูตรน้ำ WA 13 สีไม้สน,51018,185,10,8858648321283
CAT006,ชุด,เอนดูร่า วู๊ดฟิลเลอร์ สูตรน้ำ WA 12 สีไม้สัก,81018,185,10,8858648321276
CAT006,ชุด,เอนดูร่า วู๊ดฟิลเลอร์ สูตรน้ำ WA 14 สีมะฮอกกานี,70918,185,10,8858648321290
CAT006,ชุด,ซุปเปอร์ลาเท็กซ์ D-40 ปลาเบ็ด,80523,225,10,
CAT006,ชุด,กาวลาเท็กซ์ A-8000 ATM,L25062602,100,10,8858776964185
CAT006,ชุด,กาวลาเท็กซ์ A-9000 ATM,L25042205,70,10,885877696400
CAT006,ชุด,เอนดูร่า วู๊ดฟิลเลอร์ สูตรน้ำ WA 15 สีวอลนัท,6063,185,10,8858648321306
CAT006,ชุด,น้ำยาฟอกขาว 1 ตราม้าคู่,,750,10,
,,,,,,
CAT006,แกลลอน,แล็กเกอร์เงา T5000 1/4 GL TOA,PO11210092345,200,10,8850106009214
CAT006,แกลลอน,แล็กเกอร์ด้าน T5500 1/4 GL TOA,PO11210110751,220,10,8850106009290
CAT006,แกลลอน,วานิชเงา S8000 1/4 GL Shark,PO11140041075,150,10,8850106537830
CAT006,แกลลอน,โพลียูรีเทน T3000 เงา 1/4 GL TOA,PO11140023214,290,10,8850106010739
CAT006,แกลลอน,โพลียูรีเทน ทินเนอร์ #41 1/4 GL TOA,PO11210018200,175,10,8850106268178
CAT006,แกลลอน,น้ำยาลอกสี PR600 1 kg ATM,L21062004,150,10,8858776965120
CAT006,แกลลอน,กาแลนท์ ยูรีเทน เงา G5000 0.875L,L25111403,200,10,8858776943005
CAT006,แกลลอน,ยูรีเทนสี GG9903 1.75L Urai,L24061102,390,10,8858776900565
CAT006,แกลลอน,ยูรีเทนสี GG9909 1.75L Urai,L24061202,390,10,8858776900589
CAT006,แกลลอน,ยูรีเทนสี GG9903 0.46L Urai,L24060601,120,10,8858776900527
CAT006,แกลลอน,ยูรีเทนสี GG9909 0.46L Urai,L24060601,120,10,8858776900541
CAT006,แกลลอน,TOA แล็กเกอร์ แซนดิ้ง ซีลเลอร์ T5555 1GL,24050701T1,550,10,8850106110088
CAT006,แกลลอน,เชนไดร้ท์ 1 CL #ไม่มีสี 1.8L,19090,320,10,8851495000240
CAT006,แกลลอน,เชนไดร้ท์ 1 DB #สีน้ำตาลดำ 1.8L,19053,320,10,8851495000271
CAT006,แกลลอน,โพลียูรีเทน T3000 เงา 1GL TOA,PO11140068280,990,10,8850106010722
CAT006,แกลลอน,กาแลนท์ ยูรีเทน เงา G5000 3.5L,L25092610,650,10,8858776942985
CAT006,แกลลอน,U-90 ยูรีเทน U-5000 เงา 3L,8903D68,500,10,8858776945634
CAT006,แกลลอน,แลคเกอร์เงา #6 ตราหัวสิงค์,L25042502,395,10,8858776944491
CAT006,แกลลอน,วานิชเงา S8000 1GL Shark,PO11140088428,390,10,8850106537823
CAT006,แกลลอน,น้ำยาเช็ดคราบ CS965 3.5L Top,TH6510302,385,10,88559430615796510302
CAT006,แกลลอน,ทินเนอร์ผสมโพลียูรีเทน #41 1GL TOA,PO11210010389,450,10,8850106268086
CAT006,แกลลอน,น้ำยาลอกสี PR600 3.5 kg ATM,L21080801,350,10,8858776965113
CAT006,แกลลอน,น้ำยาลอกสี TOP,65090002,350,10,88559430274079999999
,,,,,,
CAT011,ชุด,ปืนลมเฟอร์นิเจอร์ F50 D-Max,,1350,3,8858673904499
CAT011,ชุด,ปืนลมเฟอร์นิเจอร์ FST50 D-Max,,2450,3,8858673904369
CAT011,ชุด,ปืนลมเฟอร์นิเจอร์ F30 D-Max,,750,3,8858673904338
CAT011,ชุด,ปืนลมเฟอร์นิเจอร์ 1022J D-Max,,750,3,8858673904345
,,,,,,
CAT006,แกลลอน,กาวยางดันล้อป LP #แดง LP 3kg.,8924K68,750,10,8858776800025
CAT006,แกลลอน,กาวยางดันล้อป GP #เขียว LP 3kg.,8929H68,650,10,8858776800230
CAT006,แกลลอน,กาวอเนกประสงค์ 5L MPP,20260117,520,10,
,,,,,,
CAT006,แกลลอน,เชนไดร์ท 1 CL #ไม่มีสี 5L,250046,750,10,8851495000233
CAT006,แกลลอน,เมทิลแอลกอฮอล์ขาว KStar,A5451130124,200,10,
CAT006,แกลลอน,ทินเนอร์เซลโก้ 3A #TH9359 เขียว,SD321G020G,250,10,88559430532086706557
CAT006,แกลลอน,โอเชี่ยน AAA 2.20L,,290,10,
CAT006,แกลลอน,น้ำมันสน KStar,,220,10,
CAT006,แกลลอน,น้ำมันซักแห้ง #TH9068 Dual Fish,TH6408365,195,10,88559430462936408365
,,,,,,
CAT005,กระป๋อง,บิวตี้ สีน้ำอะคริลิคภายใน #800 ขาว 3.6L,Z25040903,200,10,8858776924028
CAT005,กระป๋อง,บิวตี้ สีน้ำอะคริลิคภายใน #894 Silver Mist 3.6L,L25090801,200,10,8858776924585
CAT005,กระป๋อง,สีน้ำมันเคลือบเงา #910 0.1L Lobster,,25,10,
CAT005,กระป๋อง,สีเคลือบแอลคีด #932 0.085L Lobster,,25,10,8858776907625
CAT005,กระป๋อง,สีเคลือบแอลคีด #920 0.085L Lobster,,25,10,8858776907243
CAT005,กระป๋อง,สีคลือบแอลคีด #927 0.085L Lobster,,25,10,
CAT005,กระป๋อง,สีน้ำมันคลือบเงา #900 0.1L Lobster,,25,10,
CAT005,กระป๋อง,สีคลือบแอลคีด #905 0.085L Lobster,L21031406,25,10,8858776906741
CAT005,กระป๋อง,สีพ่นอุตสาหกรรม #602 Ford Blue 0.236L Lobster,L16111601,75,10,
CAT005,กระป๋อง,สีพ่นอุตสาหกรรม #616 Black 0.236L Lobster,L24031301,75,10,8858776947607
CAT005,กระป๋อง,สีพ่นอุตสาหกรรม #612 Vermilion 0.236L Lobster,L23112001,75,10,8858776947454
CAT005,กระป๋อง,สีพ่นอุตสาหกรรม #609 Yellolw 0.236L Lobster,L23112401,75,10,885877696947348
CAT005,กระป๋อง,สีพ่นอุตสาหกรรม #600 White 0.236L Lobster,L25030802,75,10,8858776947065
CAT005,กระป๋อง,แม่สีน้ำบิวตี้ #SP758 Blue 0.236L,L21112702,60,10,8858776928354
CAT005,กระป๋อง,แม่สีน้ำบิวตี้ #SP728 Red 0.236L,L19072306,60,10,8858776928156
CAT005,กระป๋อง,แม่สีน้ำพลาสติก บิวตี้ #SP738 Yellow 0.236L,,60,10,
CAT005,กระป๋อง,แม่สีน้ำบิวตี้ #SSP754 Tropicana 0.236L,L19082201,60,10,
CAT005,กระป๋อง,แม่สีน้ำอะครีลิค บิวตี้ #SP742 Black 0.236L,L23020401,60,10,8858776928279
CAT005,กระป๋อง,สีพ่นพื้นแห้งเร็ว #858 เทา 1/4GL TOA,1210089335,145,10,8850106010531
CAT005,กระป๋อง,สีพ่นรองพื้นรถยนต์ #PF099 ขาว 1GL TOA,PO11210098848,475,10,8850106031024
CAT005,กระป๋อง,สีพ่นอุตสาหกรรม #814 ดำ 1GL TOA,1210201724,700,10,8850106008521
CAT005,กระป๋อง,สีพ่นอุตสาหกรรม #142 Vermillion 1GL TOA,1210204391,700,10,8850106384564
CAT005,กระป๋อง,สีพ่นอุตสาหกรรม #434 Larch Green 1GL TOA,PO11210019484,700,10,8850106384588
CAT005,กระป๋อง,สีพ่นอุตสาหกรรม #212 Super Yellow 1/4GL TOA,PO11210110695,220,10,8850106384625
CAT005,กระป๋อง,สีพ่นอุตสาหกรรม #814 ดำเงา 1/4GL TOA,PO11210076392,220,10,8850106008538
CAT005,กระป๋อง,สีพ่นอุตสาหกรรม #911 ขาวด้าน 1/4GL TOA,PO11210095305,220,10,8850106009115
CAT005,กระป๋อง,สีพ่นอุตสาหกรรม #900 ขาวเงา 1/4GL TOA,PO11210109092,220,10,8850106008903
CAT005,กระป๋อง,สีพ่นอุตสาหกรรม #142 Vermillion 1/4GL TOA,PO11210011792,220,10,8850106384595
CAT005,กระป๋อง,สีพ่นอุตสาหกรรม #434 Larch Green 1/4GL TOA,1210174344,220,10,8850106384618
CAT005,กระป๋อง,สีพ่นอุตสาหกรรม #999 ดำด้าน 1/4GL TOA,PO11210070404,220,10,8850106009139
CAT005,กระป๋อง,สีพ่นอุตสาหกรรม #505 Super Dark Blue 1/4GL TOA,1210176089,220,10,8850106384601
CAT005,กระป๋อง,สีเคลือบแอลคีด #905 แดง 0.280L Lobster,L22112906,60,10,8858776906734
CAT005,กระป๋อง,สีเคลือบแอลคีด #900 ขาว 0.280L Lobster,L22120910,60,10,8858776906482
CAT005,กระป๋อง,สีเคลือบแอลคีด #912 ส้ม 0.280L Lobster,L20052901,60,10,
CAT005,กระป๋อง,สีเคลือบแอลคีด #932 Pacific Blue 0.280L Lobster,L20012205,60,10,8858776907618
CAT005,กระป๋อง,สีเคลือบแอลคีด #920 Lemon Yellow 0.280L Lobster,L19052801,60,10,
CAT005,กระป๋อง,สีเคลือบแอลคีด #914 Light Brown 0.280L Lobster,L18120301,60,10,8858776907083
CAT005,กระป๋อง,สีเคลือบแอลคีด #927 Dawn Grey 0.280L Lobster,L17120602,60,10,8858776907410
CAT005,กระป๋อง,สีเคลือบแอลคีด #904 Brown 0.280L Lobster,L20061201,60,10,8858776906680
CAT005,กระป๋อง,สีเคลือบแอลคีด #901 Apple Green 0.280L Lobster,L19011001,60,10,8858776906536
CAT005,กระป๋อง,สีเคลือบแอลคีด #910 Black 0.280L Lobster,L16081502,60,10,8858776906901
CAT005,แกลลอน,สีพ่นอุตสาหกรรม #900 ขาวเงา 1GL TOA,PO11210096839,700,10,8850106008897
CAT005,แกลลอน,สีพ่นอุตสาหกรรม #911 ขาวด้าน 1GL TOA,PO11210097524,700,10,8850106009108
,,,,,,
CAT006,แกลลอน,แล็กเกอร์เงา T5000 1 GL TOA,PO11210066231,600,10,8850106009191
CAT006,แกลลอน,แล็กเกอร์ด้าน T5500 1 GL TOA,PO11210081840,630,10,8850106009276
,,,,,,
CAT006,แกลลอน,สีเคลือบแอลคีด #927 Dawn Grey 0.875L Lobster,L20030901,140,10,8858776907403
CAT006,แกลลอน,สีเคลือบแอลคีด #912 Orange 0.875L Lobster,L20040903,140,10,8858776906987
CAT006,แกลลอน,สีเคลือบแอลคีด #910 Black 0.875L Lobster,L22050401,140,10,8858776906895
CAT006,แกลลอน,สีเคลือบแอลคีด #920 Lemon Yellow 0.875L Lobster,L20021801,140,10,8858776907229
CAT006,แกลลอน,สีเคลือบแอลคีด #M9666 ดำด้าน 0.875L Lobster,L21040101,140,10,8858776908141
CAT006,แกลลอน,สีเคลือบแอลคีด #904 Brown 0.875L Lobster,L25031703,140,10,8858776906673
CAT006,แกลลอน,สีเคลือบแอลคีด #900 White 0.875L Lobster,L8858776906475,140,10,8858776906475
CAT006,แกลลอน,สีเคลือบแอลคีด #932 Pacific Blue 0.875L Lobster,L20052403,140,10,8858776907601
CAT006,แกลลอน,สีเคลือบแอลคีด #905 Red 0.875L Lobster,L20070902,140,10,8858776906727
CAT006,แกลลอน,สีเคลือบแอลคีด #909 Yellow 0.875L Lobster,L18102404,140,10,8858776906840
CAT006,แกลลอน,สีเคลือบแอลคีด #915 Light Green 0.875L Lobster,L20022204,140,10,8858776907120
CAT006,แกลลอน,สีย้อมไม้ #S02 สักทอง 1/4GL TOA,1140240835,260,10,8850106380283
CAT006,แกลลอน,สีย้อมไม้ #S08 มะฮอกกานี 1/4GL TOA,1140237015,260,10,8850106513797
CAT006,แกลลอน,สีย้อมไม้ #S99 กึ่งเงาใส 1/4GL TOA,1210113368,260,10,8850106380320
CAT006,แกลลอน,สีย้อมไม้ วู้ดสเตน #M99 ด้านใส 1/4GL TOA,1210110925,260,10,8850106380443
CAT006,แกลลอน,สีย้อมไม้ วู้ดสเตน #G99 เงาใส 1/4GL TOA,1210113818,260,10,8850106380160
CAT006,แกลลอน,สีย้อมไม้ วู้ดสเตน #G08 ไม้สักอ่อน 1/4GL TOA,1140183507,260,10,8850106779186
CAT006,แกลลอน,สีย้อมไม้ วู้ดสเตน #G07 ไม้สักทองเงา 1/4GL TOA,1140192227,260,10,8850106439967
CAT006,แกลลอน,สีย้อมไม้ วู้ดสเตน #G05 ไม้ประดู่เงา 1/4GL TOA,PO11140007722,260,10,8850106380153
CAT006,แกลลอน,สีย้อมไม้ วู้ดสเตน #G02 มะฮอกกานีเงา 1/4GL TOA,PO11140008205,260,10,8850106380139
CAT006,แกลลอน,สีย้อมไม้ วู้ดสเตน #G03 วอลนัทเงา 1/4GL TOA,1140220918,260,10,8850106380146
CAT006,แกลลอน,สีย้อมไม้ วู้ดสเตน #G01 ไม้สักเงา 1/4GL TOA,PO11140012131,260,10,8850106380078
CAT006,แกลลอน,เชลแล็กทาไม้ #5 ขาว ตราหัวสิงค์,L25061704,290,10,8858776943616
CAT006,แกลลอน,เชลแล็กทาไม้ #7 เหลืองสด ตราหัวสิงค์,L19061301,250,10,8858776943654
CAT006,แกลลอน,เชลแล็กทาไม้ #4 โอ๊ก ตราหัวสิงค์,L21042001,250,10,8858776943586
CAT006,แกลลอน,เชลแล็กทาไม้ #1 เหลืองแกมแดง ตราหัวสิงค์,L25032202,250,10,8858776943494
CAT006,แกลลอน,เชลแล็กทาไม้ #3 ก้านเหลือง ตราหัวสิงค์,L21011301,250,10,8858776943555
CAT006,แกลลอน,วู้ดสเตน พลัส #G1904 ไม้ประดู่ 3L Shark,PO11140111308,580,10,8850106091479
CAT006,แกลลอน,วู้ดสเตน พลัส #G1914 ไม้พะยูง 3L Shark,PO11140116386,580,10,8850106091523
CAT006,แกลลอน,วู้ดสเตน พลัส #G1910 ไม้วอลนัท 0.75L Shark,1140250512,175,10,8850106091615
CAT006,แกลลอน,วู้ดสเตน พลัส #G1909 ไม้มะฮอกกานี 0.75L Shark,1140249237,175,10,8850106091608
CAT006,แกลลอน,วู้ดสเตน พลัส #G1905 ไม้แดง 0.75L Shark,1150004977,175,10,8850106091585
CAT006,แกลลอน,วู้ดสเตน พลัส #G1906 ไม้มะค่า 0.75L Shark,1140248262,175,10,8850106091592
,,,,,,
CAT014,ชิ้น,แปรงวานิช #456 4cm Lamy,,20,10,
CAT014,ชิ้น,แปรงวานิช #33 8cm Eagle & Globe,,40,10,110110
CAT006,ขวด,ทินเนอร์ผสมสีอะครีลิค #74 0.58L ATM,L20032102-1,60,10,8858776950409
CAT006,ขวด,ทินเนอร์บีโปร AAA 0.58L,,60,10,
CAT006,ขวด,หัวทินเนอร์ Siko MSK #S55,,120,10,8858648310874
CAT006,ขวด,กาแลนท์ ทินเนอร์ยูรีเทน T45 0.48L,L22091103,65,10,8858776950065
CAT006,ขวด,วานิชเงา 2100 เงา 0.48L Lobster,L23070401,65,10,8858776945030
CAT006,ขวด,เมทิล แอลกอฮอล์ 0.450L ปลาเบ็ด,,40,10,8858648310010
CAT006,ขวด,เมทิล แอลกอฮอล์ AAA #T31 0.48L ตราหัวสิงห์,120010301,40,10,8858776950164
CAT006,ขวด,กอฮอล์ขาว 0.450L ปลาวาฬ,,40,10,
CAT006,ขวด,น้ำมันสน AAA #T21 0.48L ตราหัวสิงห์,L25032001,60,10,8858776950218
CAT006,ขวด,แลคเกอร์เงาสำเร็จรูป #6 0.48L ตราหัวสิงห์,L21021808,80,10,8858776944514
CAT006,ขวด,เชลแล็กทาไม้ #2 สีประดู่ 0.48L ตราหัวสิงห์,L22022503,70,10,8858776943531
CAT006,ขวด,เชลแล็กทาไม้ #5 ขาว 0.48L ตราหัวสิงห์,L25052706,80,10,8858776943623
CAT006,ขวด,เชลแล็กทาไม้ #1 เหลืองแกมแดง 0.48L ตราหัวสิงห์,L22052504,70,10,8858776943500
CAT006,ขวด,แลคเกอร์ #L617 เหลือง 0.450L ปลาเบ็ด,80518,90,10,8858648331978
CAT006,ขวด,แลคเกอร์ #L619 ส้ม 0.450L ปลาเบ็ด,40518,90,10,8858648331992
CAT006,ขวด,แลคเกอร์ #L616 แดงมาฮอนนี 0.450L ปลาเบ็ด,5043,90,10,8858648331961
CAT006,ขวด,แลคเกอร์ #L618 เหลืองลูกกวาด 0.450L ปลาเบ็ด,40418,90,10,8858648331985
CAT006,ขวด,แลคเกอร์ #L626 เปลือกมังคุด 0.450L ปลาเบ็ด,40720,90,10,8858648371325
CAT006,ขวด,แลคเกอร์ #L611 น้ำตาลโกโก้ 0.450L ปลาเบ็ด,8059,90,10,885864331916
CAT006,ขวด,แลคเกอร์ #L627 น้ำตาลแดง 0.450L ปลาเบ็ด,51019,90,10,8858648332012
CAT006,ขวด,เชลแล็กทาไม้ #4 โอ๊ก 0.48 ตราหัวสิงค์,L20022961,70,10,8858776943593
CAT006,ขวด,เชลแล็กทาไม้ #7 เหลืองสด 0.48 ตราหัวสิงค์,L18031704,70,10,8858776943661
CAT006,ขวด,แลคเกอร์ #L615 แดง 0.450L ปลาเบ็ด,7062,90,10,8858648331954
CAT006,ขวด,แลคเกอร์ #L614 แดงลูกกวาด 0.450L ปลาเบ็ด,71019,90,10,8858648331947
CAT006,ขวด,แลคเกอร์ #L628 เหลืองทอง 0.450L ปลาเบ็ด,8072,90,10,8858648332029
,,,,,,
CAT014,แผ่น,"กระดาษทราย #4 9""x11"" ฉลาม",5.01E+12,10,20,8850106458845
CAT014,แผ่น,"กระดาษทราย #3 9""x11"" ฉลาม",5.01E+12,10,20,8850106458838
CAT014,แผ่น,"กระดาษทราย #2 9""x11"" ฉลาม",5.01E+12,10,20,8850106458821
CAT014,แผ่น,"กระดาษทราย #0 9""x11"" ฉลาม",5.01E+12,10,20,8850106458791
CAT014,แผ่น,"กระดาษทราย #1 9""x11"" ฉลาม",5.01E+12,10,20,8850106458814
,,,,,,
CAT014,ชิ้น,"ก๊อกซิงค์ผนัง M250SL 1/2"" Mavin",,390,10,8859445401833
CAT014,ชิ้น,"ก๊อกซิงค์ยืนใบพายก้านโค้งใหญ่ M2209U 1/2"" Mavin",,295,10,8859445400188
CAT014,ชิ้น,วาล์วระบบเซรามิค 2 ทาง Mavin,,230,10,8859445400362
CAT014,ชิ้น,ก๊อกคอสั้นปากกรอง M2004 Mavin,,95,10,8859445400157
CAT014,ชิ้น,วาล์วฝักบัวแบบปัด M2723 Mavin,,150,10,8859445406708
CAT014,ชิ้น,วาล์วฝักบัว หัวคริสตัล M2403 Mavin,,165,10,8859445400102
CAT014,ชิ้น,"ก๊อกบอลแฟนซี ฟ้า CK15 FB 1/2"" Sanwa",,90,10,8858799702542
CAT014,ชิ้น,"ก๊อกบอลแฟนซี ม่วง CK15 FB 1/2"" Sanwa",,90,10,8858799702566
CAT014,ชิ้น,"ก๊อกบอลแฟนซี เหลือง CK15 FB 1/2"" Sanwa",,90,10,8858799702504
CAT014,ชิ้น,"ก๊อกบอลแฟนซี เขียว CK15 FB 1/2"" Sanwa",,90,10,8858799702481
CAT014,ชิ้น,"ก๊อกบอลแฟนซี แดง CK20 FB 3/4"" Sanwa",,145,10,8858799702405
CAT014,ชิ้น,"มินิบอลวาล์ว 3 ทาง 1/2"" BV15 Mini Sanwa",,120,10,8858799704492
CAT014,ชิ้น,ก๊อกลงบ่อ M28304 หัวใบพัด Mavin,,195,10,8859445404520
CAT014,ชิ้น,ก๊อกลงบ่อปากกรอง M2104 ด้ามปัดแบน Mavin,,195,10,8869445400126
CAT014,ชิ้น,"ก๊อกบอลสนาม M112 1/2"" Mavin",,195,10,8859445400270
CAT014,ชิ้น,สายฉีดชำระโครเมี่ยม หัว ABS Saza,IU366-SAZA-PK,245,10,8858652308659
CAT014,ชิ้น,สายฉีดชำระโครเมี่ยม M4102 Mavin,,245,10,8859445400911
CAT014,ชิ้น,สายฉีดชำระโครเมี่ยม M4103 Mavin,,245,10,8859445400928
CAT014,ชิ้น,สายฉีดชำระ 304 Episode,,265,10,
CAT014,ชิ้น,ฝักบัวอาบน้ำโครเมี่ยม 1 ระบบ M3114 Mavin,,245,10,8859445406142
CAT014,ชิ้น,ฝักบัว 1 ระบบ M314 Mavin,,245,10,8859445402137
CAT014,ชิ้น,สายฉีดชำระ M434W Mavin,,250,10,8859445406173
CAT014,ชิ้น,สายฉีดชำระ AS-011CR Amazon,30967,245,10,8854911003740
CAT014,ชิ้น,สายฝักบัวสแตนเลส 120cm Ben-Ley,SS15-120,195,10,8859290705995
CAT014,ชิ้น,สายฉีดชำระ A-011W Amazon,40168,245,10,8854911003733
CAT014,ชิ้น,หัวฉีดชำระชุบโครเมี่ยม H-004CR Amazon,71267,145,10,8854911004624
CAT014,ชิ้น,ตะแกรงกันกลิ่นแสตนเลส M9003 Mavin,,150,10,8859445401000
CAT014,ชิ้น,"สายน้ำดี M7060 60"" Mavin",,125,10,8859445400645
CAT014,ชิ้น,"สายน้ำดี 32"" Lamy",,120,10,
CAT014,ชิ้น,หัวฉีดชำระ #ขาว MHM4211W Mavin,,165,10,8859445404117
CAT014,ชิ้น,ฝักบัวอาบน้ำโครเมี่ยม M315 หน้าขาว Mavin,,245,10,8859445400812
CAT014,ชิ้น,ฝักบัวอาบน้ำโครเมี่ยม 3 ระบบ M332Mavin,,245,10,8859445400836
,,,,,10,
CAT014,ชิ้น,"ตะไบ 6"" Smooth 330-06 Crown",,90,10,69410268886138
CAT014,ชิ้น,"ตะไบ 6"" Half Round 350-06 Crown",,140,10,6941026886176
CAT014,ชิ้น,"ตะไบ 10"" Smooth 330-10 Crown",,135,10,6941026886152
CAT014,ชิ้น,"ตะไบ 8"" Smooth 330-08 Crown",,110,10,6941026886145
CAT014,ชิ้น,"ตะไบ 5"" Smooth 360-05 Crown",,70,10,6941026886237
CAT014,ชิ้น,"ตะไบ 6"" Half Round 350-06 Crown",,140,10,6941026886176
CAT014,ชิ้น,"ตะไบ 10"" Half Round 350-10 Crown",,180,10,745760845378
CAT014,ชิ้น,"สิ่ว Wood Chisel 3/8"" Crown",,125,10,6941026854014
CAT014,ชิ้น,"สิ่ว Wood Chisel 3/4"" Crown",,155,10,
CAT014,ชิ้น,"สิ่ว Wood Chisel 1/2"" Crown",,135,10,
CAT014,ชิ้น,ชุดสิ่ว 4 PCS Wood Chisel Tolsen,25384,600,10,6933528725947
CAT014,ชิ้น,"ประแจ AW-10"" Crown",,140,10,6900601008648
CAT014,ชิ้น,"ประแจ AW-12"" Crown",,190,10,6900601008679
CAT014,ชิ้น,"กรรไกรตัดกิ่งไม้ #202 8"" มงกุฏ",,150,10,
CAT014,ชิ้น,"กรรไกรตัดกิ่งไม้ #205 8"" มงกุฏ",,150,10,
CAT014,ชิ้น,"ตะไบ 6"" Bastard 380-06 Crown",,90,10,6941026886244
CAT014,ชิ้น,"ตะไบ 6"" Smooth 320-06 Crown",,140,10,6941026886053
CAT014,ชิ้น,"ตะไบ 8"" Smooth 320-08 Crown",,155,10,0-745760845323
CAT014,ชิ้น,"ตะไบ 10"" Smooth 320-10 Crown",,175,10,0-745760845330
CAT014,ชิ้น,"ตะไบ 5"" DBL. 360-05 Crown",,70,10,6941026886237
CAT014,ชิ้น,บักเต้า LMCLR 15m #เหลือง ลามี่,,50,10,
CAT014,ชิ้น,บักเต้า LMCLR 15m #ส้ม ลามี่,,50,10,
CAT014,ชิ้น,บักเต้า LMCLR 15m #ฟ้า ลามี่,,50,10,
CAT014,ชิ้น,บักเต้า LMCLR 15m #เขียว ลามี่,,50,10,
CAT014,ชิ้น,ค้อน 27mm Hi-Tech,,175,10,
CAT014,ชิ้น,ขอสับเหล็ก #102 SN Berry,,45,10,
CAT014,ชิ้น,ขอสับเหล็ก บี-2,,13,10,
CAT014,ชิ้น,รูฝังกลอน #005 SN (แพ็คคู่),DL816 SN,180,10,8858837708994
CAT014,ชิ้น,กลอนห้องน้ำ Colt,,155,10,8854369009820
CAT014,ชิ้น,ขอค้ำซิงค์ #444-AC Berry,,120,10,
CAT014,ชิ้น,ขอค้ำซิงค์ Kimberley,,120,10,
CAT014,ชิ้น,กันชนประตู #MD-105A Feshco,,60,10,
CAT014,ชิ้น,กันชนประตู 419 AC Ben-ley,,150,10,
CAT014,ชิ้น,กลอนเหล็ก #202 AC Berry,,65,10,
CAT014,ชิ้น,กลอนเหล็ก #202 C Berry,,65,10,
CAT014,ชิ้น,กลอนห้องน้ำ #540 SS Colt,,155,10,885469009820
CAT014,ชิ้น,กันชนเหล็ก #501 P ครีม Berry,,45,10,
CAT014,ชิ้น,ห่วงสายยู HASP 1 PCS Sun-Sun,,30,10,
CAT014,ชิ้น,กันชนประตู #ทองเหลือง Feshco,,60,10,
CAT014,ชิ้น,กันชนพลาสติก #501 น้ำตาล Berry,,45,10,
CAT014,ชิ้น,เกียงโป๊ว TC229/16 PVC 3 ตัว Mixpro,01-006-010,45,10,8854368002921
CAT014,ชิ้น,เลื่อย Mix Pro-C,,120,10,8854718432156
CAT014,ชิ้น,"กลอนซิงค์ 789-6"" AC Berry",,65,10,
CAT014,ชิ้น,"กลอนซิงค์ 789-4"" AC Berry",,45,10,
CAT014,ชิ้น,"กลอนสแตนเลส #409 10"" Colt",,160,10,8854369014695
CAT014,ชิ้น,"กลอนสแตนเลส #400 24"" Colt",,760,10,8854369007277
CAT014,ชิ้น,"กลอนสแตนเลส #100 12"" AC Colt",,160,10,8854369009561
CAT014,ชิ้น,"กลอนสแตนเลส #200 24"" AC Colt",,495,10,8854369000759
CAT014,ชิ้น,"กลอนสแตนเลส #105 12"" Colt Lite",,120,10,8859014912821
CAT014,ชิ้น,"กลอนสแตนเลส #105 6"" Colt Lite",FAA02CN10506SS01CL,65,10,8859014945669
CAT014,ชิ้น,"กลอนสแตนเลส #105 4"" Colt Lite",FAA02CN10504SS01CL,50,10,8859014945645
CAT014,ชิ้น,กลอนสแตนเลส #813-2 SS Berry,,45,10,
CAT014,ชิ้น,"กลอนสแตนเลส 3 1/2"" Feshco",,60,10,
CAT014,ชิ้น,"กลอนสแตนเลส 1x1 4"" Colt Lite",Colt-lite#008ss4,65,10,8859014932379
CAT014,ชิ้น,กลอนสแตนเลส SUS30 PP,,50,10,
CAT014,ชิ้น,กลอนสแตนเลส ธรรมดา,,50,10,
CAT014,ชิ้น,"กลอนสับสแตนเลส #370 4"" ss รุ่นแผง Colt Lite",FAA18CN37004SSCL0,100,10,8859014944839
CAT014,ชิ้น,"กลอนสับสแตนเลส เกรด 304 3"" Wawa",,55,10,
CAT014,ชิ้น,กลอนสับสแตนเลส #ทองแดง Expo Plus,,90,10,
CAT014,ชิ้น,อุปกรณ์รับชั้น Shelf Support,,250,10,
CAT014,ชิ้น,"บานพับสแตนเลส P433 SB 4""x3"" NAS",,200,10,
CAT014,ชิ้น,บานพับเหล็ก #254 AC Berry,,200,10,
CAT014,ชิ้น,บานพับเหล็ก #636 AC Berry,,230,10,
CAT014,ชิ้น,"บานพับเหล็ก AC 50T 4x3"" Ben-Ley",,150,10,
CAT014,ชิ้น,บานพับสแตนเลส BP073A D&D,,235,10,8858802910193
CAT014,ชิ้น,บานพับเหล็กถอดได้ เทา BP004 D&D,,75,10,8858802900187
CAT014,ชิ้น,บานพับเหล็กถอดได้ ครีม BP005 D&D,,75,10,8858802900194
CAT014,ชิ้น,บานพับเหล็ก #2343-AC Berry,,150,10,
CAT014,ชิ้น,"บานพับประตู 4""x3"" Hefele",489.04.012,210,10,8858712486061
CAT014,ชิ้น,กันชนสแตนเลส DS-401A Feshco,,65,10,
CAT014,ชิ้น,"กลอนฝัง 8"" PP",,140,10,
CAT014,ชิ้น,"กลอนฝัง 6"" PP",,120,10,
CAT009,ชิ้น,ลูกบิดประตู 586-AC ET JSS,,175,10,
CAT009,ชิ้น,ลูกบิดประตู A881SS Mica,,175,10,
CAT009,ชิ้น,ลูกบิดประตู P589AC-ET Draco,,175,10,
CAT014,ชิ้น,"ชุดบานพับ 4""x3""x25 mm. Idea",9IH.430.25,230,10,
CAT014,ชิ้น,"ชุดบานพับ 4""x3"" Lamy",,120,10,
CAT014,ชิ้น,"บานพับสแตนเลสชุบทอง 5""x3""x3 ml. NAS",P533SB,250,10,
CAT014,ชิ้น,"บานพับสแตนเลส 3"" Feshco",,300,10,
CAT014,ชิ้น,"บานพับสปริง 2 หน้า 4"" Colt",FHA14CN204SSO1,390,10,8859014902426
CAT009,ชิ้น,ลูกบิดประตูแบบก้านโยก เกรด 304 Modernform,RL6411SNET,590,10,8858808797088
CAT009,ชิ้น,ลูกบิดประตูแบบก้านโยก SS Home,RL6481SNET,590,10,8858808797095
CAT009,ชิ้น,ลูกบิดประตู 54mm Draco,P587AC-ET,175,10,
CAT009,ชิ้น,ลูกบิดประตู 4327-302 ET SS Colt,FLA01CN4327ETSSS,260,10,8859014948219
CAT009,ชิ้น,มือจับก้านโยกห้องน้ำ 60-70 mm Jarton,120006,490,10,8859105107105
CAT014,ชิ้น,กลอนสแตนเลส #350 Nas,,125,10,
CAT014,ชิ้น,ถ้วยครอบลูกบิดประตู #199 Buillock,,100,10,6001001108676
CAT014,ชิ้น,กุญแจคล้องคอยาว 40 mm Mavin,MV40L-S,95,10,8859445404728
CAT014,ชิ้น,กุญแจคล้องคอสั้น 50 mm Mavin,MV50S-S,95,10,8859445404735
CAT014,ชิ้น,กุญแจคล้องคอสั้น 40 mm Mavin,MV40S-S,80,10,8859445404711
CAT014,ชิ้น,กุญแจคล้องคอยาว 50 mm Mavin,MV50L-S,125,10,8859445404742
CAT014,ชิ้น,กุญแจคล้อง 30 mm XTra,,50,10,9555075102315
CAT014,ชิ้น,มือจับ #3404-200mm Feshco,,140,10,
CAT014,ชิ้น,มือจับ #3001-200mm Feshco,,140,10,
CAT014,ชิ้น,มือจับ #3002-200mm Feshco,,140,10,
CAT014,ชิ้น,มือจับ #3406-200mm Feshco,,140,10,
CAT014,ชิ้น,มือจับ #3406-150mm Feshco,,90,10,
CAT014,ชิ้น,"มือจับ #P88-6"" AC NRH",,125,10,
CAT014,ชิ้น,มือจับ 96mm Pyramid,87216/96,49,10,8859024942795
CAT014,ชิ้น,โช๊ค 80n Modernform,SI-CHOKE-440-8-W,200,10,8858808812439
CAT014,ชิ้น,รางบน 4000mm Hefele,499.40.044,175,10,8858712404362
CAT014,ชิ้น,มือจับลายโรมัน Ben-Ley,,390,10,
CAT014,ชิ้น,มือจับลายโรมัน Ben-Ley,,260,10,
CAT014,ชิ้น,มือจับเหล็ก #711-AC Berry,,75,10,
CAT014,ชิ้น,มือจับเหล็ก #712 AC Berry,,95,10,
CAT014,ชิ้น,มือจับเหล็ก #712 SN Berry,,95,10,
CAT014,ชิ้น,มือจับหน้าต่าง 150mm #เงิน Hefele,481.11.130,120,10,8858712478141
CAT014,ชิ้น,มือจับหน้าต่าง 150mm #ทองแดง Hefele,481.11.133,120,10,8858712478172
CAT014,ชิ้น,มือจับหน้าต่าง 120mm #ทองแดง Hefele,481.11.123,110,10,8858712478134
CAT014,ชิ้น,มือจับหน้าต่าง 110mm #เงิน Hefele,481.11.120,110,10,8858712478110
CAT014,ชิ้น,มือจับเหล็ก #513 SN Berry,,130,10,
CAT014,ชิ้น,มือจับแสตนเลส SS 641-150 Ben-Ley,,100,10,8859290713112
CAT014,ชิ้น,"มือจับแสตนเลส J 22-10"" Ben-Ley",,135,10,8859290702130
CAT014,ชิ้น,"มือจับแสตนเลส J 19-8"" Ben-Ley",,125,10,8859290702123
CAT014,ชิ้น,มือจับแสตนเลส 300 PB Ben-Ley,,220,10,8859290707807
CAT014,ชิ้น,มือจับแสตนเลส 301 PB Ben-Ley,,220,10,8859290702079
CAT014,ชิ้น,มือจับเหล็ก #712 SN Berry,,95,10,
CAT014,ชิ้น,มือจับลายโรมัน #5015 AC Ben-Ley,,330,10,
CAT014,ชิ้น,มือจับลายโรมัน #5052 AC Ben-Ley,,330,10,
CAT014,ชิ้น,"มือจับลายโรมัน JW3-12"" Ben-Ley",,195,10,8859290707814
CAT014,ชิ้น,"มือจับไม้แดงหัวสแตนเลส JW-12"" Ben-Ley",,195,10,
CAT014,ชิ้น,มือจับ #3002-250mm Feshco,,130,10,8859290707807
CAT014,ชิ้น,มือจับแสตนเลส 300 PB Ben-Ley,,220,10,8859290708835
CAT014,ชิ้น,มือจับแสตนเลส 302 PB Ben-Ley,,220,10,
CAT014,ชิ้น,มือจับ #3407-250mm Feshco,,150,10,8858673913774
CAT014,ชิ้น,"ลูกกลิ้งเคมี 4"" KM 45L Hi-Top",,,10,8858673913781
CAT014,ชิ้น,"อะไหล่ลูกกลิ้งเคมี 4"" KR 4WL #ปลีก Hi-Top",,20,10,8858673913781
CAT014,ชิ้น,"อะไหล่ลูกกลิ้งเคมี 4"" KR 4WL #แพ็ค Hi-Top",,170,10,8858673913231
CAT014,ชิ้น,"อะไหล่ลูกกลิ้งทาสี 10"" RF-10 Hi-Top",,50,10,8858673913224
CAT014,ชิ้น,"อะไหล่ลูกกลิ้งทาสี 7"" RF-7 Hi-Top",,35,10,8858673913200
CAT014,ชิ้น,"ลูกกลิ้งทาสี 10"" PR-10 Hi-Top",,70,10,8858673913217
CAT014,ชิ้น,"อะไหล่ลูกกลิ้งทาสี 4"" RF-4 Hi-Top",,30,10,8858673913194
CAT014,ชิ้น,"ลูกกลิ้งทาสี 7"" PR-7 Hi-Top",,60,10,505543904420
CAT014,ชิ้น,"แปรงทาสี 4"" ABC-009",,75,10,110560
CAT014,ชิ้น,"แปรงทาสี 2"" #2000 K-P",,30,10,110540
CAT014,ชิ้น,"แปรงทาสี 1"" #2000 K-P",,50,10,110580
CAT014,ชิ้น,"แปรงทาสี 3"" #2000 K-P",,65,10,
CAT014,ชิ้น,แปรงทาสี Jumbo,,80,10,8858673913095
CAT014,ชิ้น,แปรงขนกระต่าย RB 8 Hi-Top,,48,10,8858673913118
CAT014,ชิ้น,แปรงขนกระต่าย RB 12 Hi-Top,,72,10,8856575001032
,,,,,,
CAT008,ชุด,บานพับในขอบ Home,MPEU424T53E16,70,30,8856575001025
CAT008,ชุด,บานพับบานกลาง Home,MPEU424T53E10,70,30,8856575001018
CAT008,ชุด,บานพับบานริม 35mm Home,MPEU424T53E0,70,30,8858712468586
CAT008,ชุด,บานพับถ้วยในขอบ Hafele,483.02.093,80,30,8858712468579
CAT008,ชุด,บานพับถ้วยกลางขอบ Hafele,483.02.092,80,30,8858712468562
CAT008,ชุด,บานพับ 35mm Hafele,483.02.091,80,30,8859543026495
CAT008,ชุด,บานพับถ้วย ซอฟต์ ในขอบ 35mm Hafele,483.02.512,170,30,8859543037255
CAT008,ชุด,บานพับถ้วย ซอฟต์ กลางขอบ 35mm Hafele,483.02.581,170,30,8859543037248
CAT008,ชุด,บานพับถ้วย ซอฟต์ ทับขอบ 35mm Hafele,483.02.580,170,30,8858808812965
CAT008,ชุด,บานพับถ้วยเฟอร์นิเจอร์ 35mm Star,HA-1370-E0-S,70,30,8859024939184
,,,,,,
CAT014,ชิ้น,"มือจับสแตนเลส 304 1/2"" 128mm PP",SHNH12/128,90,10,8859024939238
CAT014,ชิ้น,"มือจับสแตนเลส 304 1/2"" 288mm Pyramid",SHNH12/288,200,10,8859024939238
CAT014,ชิ้น,"มือจับสแตนเลส 304 1/2"" 288mm PP",SHNH12/288,140,10,8859024939238
CAT014,ชิ้น,"มือจับสแตนเลส 304 1/2"" 160mm Pyramid",SHNH12/160,110,10,8859024939191
CAT014,ชิ้น,แปรงลวดทองเหลือง #206 6 แถว Mix Pro,CNTNJB4MIXPRO,35,10,8854368003584
CAT014,ชิ้น,แปรงลวดทองเหลือง #205 5 แถว Mix Pro,CNTNJB4MIXPRO,30,10,8854368003683
CAT014,ชิ้น,แปรงลวดทองเหลือง #204 4 แถว Mix Pro,CNTNJB4MIXPRO,25,10,8854368002723
CAT014,ชิ้น,ค้อน 450g 27mm Stanley,,200,10,888317000292
CAT014,ชิ้น,น้ำมันหล่อลื่นปืนลม 125cc Hi-Top,,50,10,8858673905328
CAT014,ชิ้น,"มือจับยาว 12"" #ทอง TN",01-AL-12*300-GS,110,10,
CAT014,ชิ้น,"มือจับยาว 10"" #ทอง TN",01-AL-12*250-GS,90,10,
CAT014,ชิ้น,"มือจับยาว 14"" #ดำ TN",01-AL-12*350-BL,130,10,
CAT014,ชิ้น,ใบเลื่อย Swordfish,,15,10,
CAT014,ชิ้น,"ใบเลื่อย 300m/12"" Uitrai flex",,25,10,78347106
CAT014,ชิ้น,ใบเลื่อย red fish,,10,10,
,,,,,,
CAT014,ชิ้น,บานพับกระจก กดกระเด้ง,,60,10,
CAT014,ชิ้น,บานพับกระจก แม่เหล็ก,,60,10,
CAT014,ชิ้น,ตัวปิดหัวเสาร์ กระดูกงู,,35,10,
CAT014,ชิ้น,อุปกรณ์ติดป้ายชื่อ,,50,10,
CAT014,ชิ้น,ชุดน็อตกาว,,10,10,
CAT014,ชิ้น,น็อตผู้ 6 เหลี่ยม,,4,10,
CAT014,ชิ้น,ทีนัทชุปสีรุ้ง,,5,10,
CAT014,ชิ้น,ทีนัทชุปสีรุ้ง (ถุง),,450,10,
CAT014,ชิ้น,น็อตถังเฟอร์นิเจอร์,,4,10,
CAT014,ชิ้น,ชุดน็อต 6 เหลี่ยม หัวแขก,,8,10,
CAT014,ชิ้น,ชุดน็อต 6 เหลี่ยม 6.5 cm,,10,10,
CAT014,ชิ้น,ชุดน็อต 6 เหลี่ยม 5.5 cm,,10,10,
CAT014,ชิ้น,ตัวน็อตฝังไม้ 6 เหลี่ยม M7,,5,10,
CAT014,ชิ้น,หัวน็อตฝังไม้ 6 เหลี่ยม M10,,5,10,
CAT014,ชิ้น,ชุดน็อตทีนัทหัว 6 เหลี่ยม 5 cm,,10,10,
CAT014,ชิ้น,ชุดน็อตทีนัทหัวแขก 5 cm,,10,10,
CAT014,ชิ้น,ชุดน็อต #10 35 cm,,6,10,
CAT014,ชิ้น,ชุดน็อต #10 40 cm,,6,10,
CAT014,ชิ้น,หัวน็อตหมวก M4 0.7x7,,4,10,
CAT014,ชิ้น,หัวน็อตหมวก M5 0.8x8,,4,10,
CAT014,ชิ้น,หัวน็อตหมวก,,5,10,
CAT014,ชิ้น,ชุดน็อต #7,,2,10,
CAT014,ชิ้น,ชุดน็อต #8 3cm,,5,10,
CAT014,ชิ้น,ชุดน็อต #8 2cm,,10,10,
CAT014,ชิ้น,หัวน็อต M8x1.25,,4,10,
CAT014,ชิ้น,ชุดน็อต #10 25cm,,5,10,
CAT014,ชิ้น,ชุดน็อต #10 5cm,,5,10,
CAT014,ชิ้น,น็อตตัวเมีย #19,,4,10,
CAT014,ชิ้น,น็อต #10 10cm,,4,10,
CAT014,ชิ้น,น็อต + หางปลา,,6,10,
CAT014,ชิ้น,หัวน็อตฝังไม้ 6 เหลี่ยม M18,,5,10,
CAT014,ชิ้น,ขาปรับโต๊ะ เล็ก,,10,10,
CAT014,ชิ้น,ล้อทองเหลือง รางมีเนียม,,25,10,
CAT014,ชิ้น,เหล็กฉาก 2.5cm ฝาปิด,,20,10,
CAT014,ชิ้น,เหล็กฉาก 001 3.7cm,,15,10,
CAT014,ชิ้น,เหล็กฉาก 002 3.7cm,,15,10,
CAT014,ชิ้น,ฉากเหล็ก 5.7cm,,30,10,
CAT014,ชิ้น,เหล็กฉาก 4.7cm ฝาปิด,,30,10,
CAT014,ชิ้น,เหล็กฉาก 4 รู,,4,10,
CAT014,ชิ้น,เหล็กฉาก 6 รู,,15,10,
CAT014,ชิ้น,ฉากรับลิ้นกุญแจ,,5,10,
CAT014,ชิ้น,บานพับซ่อน,,6,10,
CAT014,ชิ้น,บานพับฉาก,,3,10,
CAT014,ชิ้น,ตัวประคองบานเลื่อน,,20,10,
CAT014,ชิ้น,กอไก่รับชั้น,,25,10,
CAT014,ชิ้น,เหล็กฉากวงกบประตู 10x10cm,,30,10,
CAT014,ชิ้น,เหล็กฉากวงกบประตู 12x12cm,,40,10,
CAT014,ชิ้น,เหล็กฉากวงกบประตู 18x18cm,,50,10,
CAT014,ชิ้น,ชุดน็อต #10 20cm,,4,10,
CAT014,ชิ้น,ชุดน็อต #10 16cm,,4,10,
CAT014,ชิ้น,ชุดน็อต #10 30cm,,5,10,
CAT014,ชิ้น,หัวน็อต M5x0.8,,5,10,
CAT014,ชิ้น,เหล็กฉาก 27cm,,10,10,
CAT014,ชิ้น,เหล็กฉาก 4.7cm,,20,10,
CAT014,ชิ้น,เหล็กฉาก 7cm ฝาปิด,,40,10,
CAT014,ชิ้น,เหล็กฉาก 4.7cm,,20,10,
CAT014,ชิ้น,ชุดขอเตียง แบน,,35,10,
CAT014,ชิ้น,ถาดใส่ช้อน S,,300,10,
CAT014,ชิ้น,ถาดใส่ช้อน M,,350,10,
CAT014,ชิ้น,ถาดใส่ช้อน L,,600,10,
CAT014,ชิ้น,ชั้นใส่จาน S,,2300,10,
CAT014,ชิ้น,ชั้นใส่จาน M,,2600,10,
CAT014,ชิ้น,ยางปุ่มรับชั้น,,80,10,
CAT014,ชิ้น,กุญแจ,,200,10,
CAT014,ชิ้น,ขอเตียงใหญ่,,100,10,
CAT014,ชิ้น,ขอเตียงเล็ก,,75,10,
CAT014,ชิ้น,บานพับซ้อน พลาสติก,,150,10,
CAT014,ชิ้น,ปุ่มรับชั้น ตัวเล็ก,,85,10,
CAT014,ชิ้น,ขอเตียงแบบเสียบ ใหญ่,,60,10,
CAT014,ชิ้น,ขอเตียงแบบเสียบ เล็ก,,35,10,
CAT014,ชิ้น,"เลื่อยตัดกิ่งไม้ 16"" Meta",,180,10,
CAT014,ชิ้น,เทปพันเกลียว 10x12cm S.P.,,15,10,
CAT014,ชิ้น,ลูกล้อประตู S White Horse,,115,10,
CAT014,ชิ้น,ลูกล้อประตู M White Horse,,195,10,
CAT014,ชิ้น,ลูกกลิ้งเคมี ABC,,55,10,
CAT014,ชิ้น,สะกรู หัว M #4 ,,25,10,
CAT014,ชิ้น,สะกรู หัว M #4 (แพค),,160,10,
CAT014,ชิ้น,สะกรู หัว M #5,,160,10,
CAT014,ชิ้น,สะกรู หัว M #6,,30,10,
CAT014,ชิ้น,สะกรู หัว M #6,,200,10,
CAT014,ชิ้น,สะกรู หัว M #7,,35,10,
CAT014,ชิ้น,ช่องกระดาษ 41cm,,30,10,
CAT014,ชิ้น,ช่องกระดาษ 14cm,,15,10,
CAT014,ชิ้น,สายลม 10m. Hi-Top,,240,10,
CAT014,ชิ้น,สายลม 15m. Hi-Top,,290,10,
CAT014,ชิ้น,ค้อนยางพร้อมด้าม S Crown,,70,10,
CAT014,ชิ้น,ค้อนยางพร้อมด้าม S Crown,,80,10,
CAT014,ชิ้น,ค้อนยางพร้อมด้าม S Crown,,90,10,
CAT014,ชิ้น,ค้อนช่างทอง,,65,10,
CAT014,ชิ้น,ค้อน 18mm. Hi-Tech,,120,10,
CAT014,ชิ้น,ค้อน Hi-Tech,,175,10,
CAT014,ชิ้น,ปืนยิงดีเบท Harden (ยกกล่อง),,180,10,
CAT014,ชิ้น,หินฝนมีด Carborundum,,265,10,
CAT014,ชิ้น,"หินลับมีด 2 หน้า 8x2x1"" King Eagle",,145,10,
CAT014,ชิ้น,"เกรียงโป๊ว 4"" Baisagay",,35,10,
CAT014,ชิ้น,"เกรียงโป๊วสี PSV 3""",,30,10,
CAT014,ชิ้น,"เกรียงโป๊วสี PSV 2""",,25,10,
CAT014,ชิ้น,"เกรียงโป๊วสี PSV 1 1/2""",,20,10,
CAT014,ชิ้น,"เกรียงโป๊วสี PSV 1""",,15,10,
CAT014,ชิ้น,เชือก ตราดอกบัว 1m,,10,10,
CAT014,ชิ้น,โครงเลื่อยตัดเหล็ก Mix Pro,,95,10,
CAT014,ชิ้น,"กลอน 1/4x6"" Thai Pattana",,20,10,
CAT014,ชิ้น,"กลอน 1/4x4"" Osaka",,18,10,
CAT014,ชิ้น,"กลอนทองเหลือง 3"" ขาตรง",,55,10,
CAT014,ชิ้น,"กลอน 1/4x2"" Osaka",,15,10,
CAT014,ชิ้น,"กลอน 1/4x2"" Osaka (กล่อง)",,290,10,
CAT014,ชิ้น,"กลอนดำ-แดง 4"" Citroen",,10,10,
CAT014,ชิ้น,"กลอนดำ-แดง 6"" Citroen",,15,10,
CAT014,ชิ้น,"กลอนโครเมี่ยม 6"" Citroen",,15,10,
CAT014,ชิ้น,"กลอนโครเมี่ยม 4"" Citroen",,10,10,
CAT014,ชิ้น,"ตะขอสับ 1.5""",,3,10,
CAT014,ชิ้น,"ตะขอสับ 2""",,3,10,
CAT014,ชิ้น,ตะขอตัว S,,2,10,
CAT014,ชิ้น,หัวแขวนป้าย เล็ก P.R.Suvin,,2,10,
CAT014,ชิ้น,หัวแขวนป้าย เล็ก P.R.Suvin (กล่อง),,560,10,
CAT014,ชิ้น,หัวแขวนป้าย เล็ก P.R.Suvin,,150,10,
CAT014,ชิ้น,หัวแขวนป้าย ใหญ่ N.R.K,,3,10,
CAT014,ชิ้น,สายยูหูช้าง,,10,10,
CAT014,ชิ้น,"สายยู 2""",,10,10,
CAT014,ชิ้น,"สายยู 2"" (ยกกล่อง)",,200,10,
CAT014,ชิ้น,สายยู 75mm. MRK,,20,10,
CAT014,ชิ้น,สายยู 75mm. MRK (ยกกล่อง),,400,10,
CAT014,ชิ้น,สายยู 75mm. House,,20,10,
CAT014,ชิ้น,สายยู 75mm. House (ยกกล่อง),,200,10,
CAT014,ชิ้น,สายยู 95mm. House,,25,10,
CAT014,ชิ้น,สายยู 95mm. House (ยกกล่อง),,240,10,
CAT014,ชิ้น,สายยู 01 115mm. House,,30,10,
CAT014,ชิ้น,สายยู 02 115mm. House (ยกกล่อง),,275,10,
CAT014,ชิ้น,สายยู ทองแดง,,35,10,
CAT014,ชิ้น,สายยู 02 115mm. House,,30,10,
CAT014,ชิ้น,"ตะขอรับ-ขอสับ 5""",,5,10,
CAT014,ชิ้น,"ตะขอ 6"" กระต่าย",,6,10,
CAT014,ชิ้น,"ตะขอ 6"" B-2",,13,10,
CAT014,ชิ้น,"บานพับลมดำ 3x2"" Progress",,20,10,
CAT014,ชิ้น,"บานพับลมแดง 4x3"" B-2",,30,10,
CAT014,ชิ้น,"บานพับลมแดง 3 1/2x2 1/4"" B-2",,25,10,
CAT014,ชิ้น,"บานพับ ธรรมดา 4""",,25,10,
CAT014,ชิ้น,"บานพับ ธรรมดา 3 1/2""",,25,10,
CAT014,ชิ้น,"บานพับ ธรรมดา 3""",,20,10,
CAT014,ชิ้น,"บานพับ 1 1/2"" KPS",,100,10,
CAT014,ชิ้น,"บานพับ 2"" KPS",,100,10,
CAT014,ชิ้น,"บานพับ 2 1/2"" KPS",,140,10,
CAT014,ชิ้น,"บานพับสวิง ด้านเดียว 4""",,200,10,
CAT014,ชิ้น,"บานพับ ทองเหลือง 4""",,225,10,
CAT014,ชิ้น,บานเซี้ยม แกนใหญ่ 244SS Wawa,,100,10,
CAT014,ชิ้น,"บานเซี้ยม แกนเล็ก 2""",,20,10,
CAT014,ชิ้น,"บานเซี้ยม 2 1/2""",,30,10,
CAT014,ชิ้น,"บานเซี้ยม 3""",,35,10,
CAT014,ชิ้น,"บานพับสแตนเลส 3"" Atlas",,30,10,
CAT014,ชิ้น,"บานพับสแตนเลส 2 1/2"" Wawa",,25,10,
CAT014,ชิ้น,"บานพับสแตนเลส 2"" Wawa",,20,10,
CAT014,ชิ้น,"บานพับสแตนเลส 1.5"" Wawa",,32,10,
CAT014,ชิ้น,"บานพับสแตนเลส 1"" Wawa",,13,10,
CAT014,ชิ้น,"บานพับ 2"" ธรรมดา",,10,10,
CAT014,ชิ้น,"บานพับ 2"" ธรรมดา",,375,10,
CAT014,ชิ้น,"บานพับ 1"" ธรรมดา",,6,10,
CAT014,ชิ้น,"บานพับ 1"" ธรรมดา",,250,10,
CAT014,ชิ้น,"บานพับสแตนเลส 1 1/2"" Houna",,32,10,
CAT014,ชิ้น,"บานพับสแตนเลส 2"" Houna",,40,10,
CAT014,ชิ้น,มือจับลัง,,50,10,
CAT014,ชิ้น,มือจับโครเมี่ยม #696 บัวเล็ก เงิน,,10,10,
CAT014,ชิ้น,มือจับโครเมี่ยม #595 ขาเหลี่ยม,,15,10,
CAT014,ชิ้น,มือจับโครเมี่ยม #696 บัวเล็ก AC,,10,10,
CAT014,ชิ้น,มือจับโครเมี่ยม #595 ขาเหลี่ยม AC,,15,10,
CAT014,ชิ้น,มือจับโครเมี่ยม #995 ลายนโปเลียน,,15,10,
CAT014,ชิ้น,มือจับ #995 AC โอโก้,,15,10,
CAT014,ชิ้น,มือจับโครเมี่ยม #898 บัวใหญ่ เงิน,,45,10,
CAT014,ชิ้น,มือจับโครเมี่ยม #969 บัวเล็ก #AC,,10,10,
CAT014,ชิ้น,"บานพับสวิง 4"" ธรรมดา",,200,10,
CAT014,ชิ้น,"บานพับสวิง 3"" ธรรมดา",,175,10,
CAT014,ชิ้น,บานพับข้อศอก,,90,10,
CAT014,ชิ้น,กุญแจโบราณ,,55,10,
CAT014,ชิ้น,กุญแจตู้,,75,10,
CAT014,ชิ้น,กุญแจตู้เหล็ก ลิ้นสั้น,,100,10,
CAT014,ชิ้น,กุญแจตู้เหล็ก ลิ้นยาว,,100,10,
CAT014,ชิ้น,กุญแจตู้เหล็ก ลิ้นยาว ขางอ,,100,10,
CAT014,ชิ้น,กุญแจตู้ดับเพลิง,,195,10,
CAT014,ชิ้น,มือจับตู้เหล็ก,,135,10,
CAT014,ชิ้น,กุญแจลิ้นชัก หัวเล็ก,,25,10,
CAT014,ชิ้น,กุญแจไปรษณีย์,,100,10,
CAT014,ชิ้น,กุญแจตู้บานเลื่อน,,90,10,
CAT014,ชิ้น,กุญแจล็อกกระจก,,65,10,
CAT014,ชิ้น,กุญแจกระจก บานคู่ #6409 Geya,,100,10,
CAT014,ชิ้น,กุญแจกระจก บานเดี่ยว #6408 Geya,,100,10,
CAT014,ชิ้น,กุญแจลิ้นชัก #889 Excel,,35,10,
CAT014,ชิ้น,กุญแจลิ้นชัก #708 สีทอง Royal,,50,10,
CAT014,ชิ้น,กุญแจลิ้นชัก #747 Peace,,50,10,
CAT014,ชิ้น,กุญแจลิ้นชัก Hefele,,75,10,
CAT014,ชิ้น,กุญแจบานเลื่อน Target,,65,10,
CAT014,ชิ้น,กุญแจลิ้นชัก Star Rock,,100,10,
CAT014,ชิ้น,กุญแจตู้ Star Rock,,130,10,
CAT014,ชิ้น,บานพับข้อศอก ซ้าย Soft Down Stay,,200,10,
CAT014,ชิ้น,บานพับข้อศอก ขวา Soft Down Stay,,200,10,
CAT014,ชิ้น,มือจับ 15cm,,70,10,
CAT014,ชิ้น,มือจับ 39cm,,240,10,
CAT014,ชิ้น,มือจับ 18cm,,80,10,
CAT014,ชิ้น,มือจีบ 16.5cm,,70,10,
CAT014,ชิ้น,มือจับตัว c 304 10.5cm,,45,10,
CAT014,ชิ้น,กลอนฝัง 30cm #ทอง,,240,10,
CAT014,ชิ้น,กลอนฝัง 30cm #เงิน,,240,10,
CAT014,ชิ้น,กลอนฝัง 30cm #ดำแดง,,240,10,
CAT014,ชิ้น,บานพับถ้วย ซอฟต์ 40ml ทับขอบ Idea,,120,10,
CAT014,ชิ้น,บานพับถ้วย ซอฟต์ 40ml กลาง Idea,,120,10,
CAT014,ชิ้น,บานพับถ้วย ซอฟต์ 40ml ใน Idea,,120,10,
CAT014,ชิ้น,บานพับถ้วย ซอฟต์ 35ml กลาง Modernform,,70,10,
CAT014,ชิ้น,บานพับถ้วย ซอฟต์ 35ml ใน PP,,70,10,
CAT014,ชิ้น,บานพับถ้วย ซอฟต์ 35ml ทับขอบ Pyramid,,100,10,
CAT014,ชิ้น,บานพับถ้วย ซอฟต์ 35ml ใน Pyramid,,100,10,
CAT014,ชิ้น,"ลูกล้อ 4"" ไม่มีเบรก",,100,10,
CAT014,ชิ้น,"ลูกล้อ 4"" มีเบรก",,120,10,
CAT014,ชิ้น,บานพับถ้วยกระจก ในขอบ Hafele,,90,10,
CAT014,ชิ้น,บานพับถ้วย 35ml ทับขอบ ธรรมดา,,50,10,
CAT014,ชิ้น,บานพับถ้วย 35ml กลาง ธรรมดา,,50,10,
CAT014,ชิ้น,บานพับถ้วย 35ml ใน ธรรมดา,,50,10,
CAT014,ชิ้น,เศษผ้า,,120,10,
CAT014,ชิ้น,"ลูกล้อ 2""",,100,10,
CAT014,ชิ้น,"ลูกล้อ 1.5""",,100,10,
CAT014,ชิ้น,"ลูกล้อแบบเกลียว 1.5""",,75,10,
CAT014,ชิ้น,"ลูกล้อ 1.5"" แบบแป้น",,90,10,
CAT014,ชิ้น,"ลูกล้อแบบเกลียว 2""",,95,10,
CAT014,ชิ้น,ขาโซฟา 10cm,,75,10,
CAT014,ชิ้น,ขาโซฟา 8cm,,40,10,
CAT014,ชิ้น,ขาโซฟา 4cm,,35,10,
CAT014,ชิ้น,ขาโซฟา 5cm,,55,10,
CAT014,ชิ้น,ขาโซฟา 12cm,,115,10,
CAT014,ชิ้น,ขาโซฟา 15cm,,125,10,
CAT014,ชิ้น,ขาโซฟา 7.5cm,,75,10,
CAT014,ชิ้น,ขาโซฟา 12.5cm,,75,10,
CAT014,ชิ้น,ขาโซฟา 13cm,,135,10,
CAT014,ชิ้น,ขาโซฟา เอียง 13cm,,135,10,
CAT014,ชิ้น,ปุ๊กพลาสติก #6 Model,,12,10,
CAT014,ชิ้น,ปุ๊กพลาสติก #7 Model,,20,10,
CAT014,ชิ้น,ปุ๊กพลาสติก #8 Model,,20,10,
CAT014,ชิ้น,ปุ๊กยิบซั่ม Ce Co,,45,10,
CAT014,ชิ้น,"แปรงทาสี 1"" House",,15,10,
CAT014,ชิ้น,"แปรงทาสี 2"" House",,25,10,
CAT014,ชิ้น,"แปรงทาสี 3"" House",,35,10,
CAT014,ชิ้น,แปรงทาแชลค 10cm Dragon,,50,10,
CAT014,ชิ้น,แปรงทาแชลค 8cm Dragon,,40,10,
CAT014,ชิ้น,แปรงทาแชลค 4cm Dragon,,20,10,
CAT014,ชิ้น,พู่กันจีน,,20,10,
CAT014,ชิ้น,แปรงทาแชลค 10 หัว Jumbo,,80,10,
CAT014,ชิ้น,มือจับ 20cm,,"1,250",10,
CAT014,ชิ้น,"ดอกสว่าน 1/4"" มงกุฎ",,70,10,
CAT014,ชิ้น,"ดอกสว่าน 5/64"" มงกุฎ",,40,10,
CAT014,ชิ้น,"ดอกสว่าน 9/64"" มงกุฎ",,35,10,
CAT014,ชิ้น,"ดอกสว่าน 5/32"" มงกุฎ",,50,10,
CAT014,ชิ้น,"ดอกสว่าน 5/16"" มงกุฎ",,110,10,
CAT014,ชิ้น,"ลูกปืนโต๊ะ 12""",,550,10,
CAT014,ชิ้น,"ลูกปืนโต๊ะ 14""",,650,10,
CAT014,ชิ้น,"ลูกปืนโต๊ะ 16""",,850,10,
CAT014,ชิ้น,"ลูกปืนโต๊ะ 18""",,"1,100",10,
CAT014,ชิ้น,"ลูกปืนโต๊ะ 20""",,"1,450",10,
CAT014,ชิ้น,ค็อปเปอร์ PP-20 Hi-Top,,90,10,
CAT014,ชิ้น,ตัวต่อค็อปเปอร์ PP-20 Hi-Top,,35,10,
CAT014,ชิ้น,ค็อปเปอร์ PM-20 Hi-Top,,35,10,
CAT014,ชิ้น,ตัวต่อค็อปเปอร์ PM-20 Hi-Top,,35,10,
CAT014,ชิ้น,กระดาษกาว SB Tape,,90,10,
CAT014,ชิ้น,กระดาษกาว Nitto,,125,10,
CAT014,ชิ้น,กระดาษกาว Inter Tape,,50,10,
CAT014,ชิ้น,กาวร้อน,,35,10,
CAT014,ชิ้น,กาวร้อน 3 หลอด,,100,10,
CAT014,ชิ้น,กระดาษกาวม้วน Inter Tape,,39,10,
CAT014,ชิ้น,กระดาษกาวม้วน Inter Tape,,234,10,
CAT014,ชิ้น,ยางคอกา,,50,10,
CAT014,ชิ้น,ไขควงยาไฟ Stanley,,35,10,
CAT014,ชิ้น,ไขควง Tools,,50,10,
CAT014,ชิ้น,ดินสอเขียนไม้,,5,10,
CAT014,ชิ้น,ใบกบมือ,,65,10,
CAT014,ชิ้น,ปะกลับ,,25,10,
CAT014,ชิ้น,"ใบกบไฟฟ้า 6""",,290,10,
CAT014,ชิ้น,น้ำมันปืน Hi-Top,,50,10,
CAT014,ชิ้น,"เหล็กฉาก 12""",,100,10,
CAT014,ชิ้น,"เหล็กฉาก 10""",,65,10,
CAT014,ชิ้น,ปืนยิงซิลิโคน Lanlong,,195,10,
CAT014,ชิ้น,"บังตอ 8""",,80,10,
CAT014,ชิ้น,"บังตอ 9""",,90,10,
CAT014,ชิ้น,"บังตอ 10""",,100,10,
CAT014,ชิ้น,"บังตอ 12""",,120,10,
CAT014,ชิ้น,"ล้อไนล่อนแป้น เบรค 2"" TCP",,250,10,
CAT014,ชิ้น,ล้อไนล่อนสกรู TCP,,210,10,
CAT014,ชิ้น,"ล้อพียู #เทา 3"" TCP",,230,10,
CAT014,ชิ้น,"ล้อพียู 2 1/2"" #เทา TCP",,210,10,
CAT014,ชิ้น,"ล้อพียู 2 1/2"" #เทา เบรค TCP",,230,10,
CAT014,ชิ้น,"ล้อพียู 3"" #เทา เบรค TCP",,250,10,
CAT014,ชิ้น,"ล้อพียู 2"" #เทา TCP",,180,10,
CAT014,ชิ้น,"ล้อพียู 2"" #เทา เบรค TCP",,200,10,
CAT014,ชิ้น,"ล้อไนล่อนสกรู 2"" TCP",,130,10,
CAT014,ชิ้น,"ล้อไนล่อนแป้น 2"" TCP",,120,10,
CAT014,ชิ้น,"ล้อไนล่อนสกรู 1 1/2"" TCP",,100,10,
CAT014,ชิ้น,"ล้อบอลแป้น 2"" SKK",,120,10,
CAT014,ชิ้น,"ล้อบอลเกลียว 2"" SKK",,120,10,
CAT014,ชิ้น,"ล้อเหล็กแป้น 2"" TCP",,180,10,
CAT014,ชิ้น,"ล้อไนล่อนแป้น 3"" TCP",,220,10,
CAT014,ชิ้น,"ล้อไนล่อนแป้น 2 1/2"" TCP",,200,10,
CAT014,ชิ้น,ลูกดีเบส 4-3,,230,10,
CAT014,ชิ้น,ลูกดีเบส 4-4,,250,10,
CAT014,ชิ้น,ลูกดีเบส 4-5,,270,10,
CAT014,ชิ้น,ลูกดีเบส 4-8,,370,10,
,,,,,10,
CAT012,ตัว,ปุ่มจับ A001,,55,10,
CAT012,ตัว,ปุ่มจับ A002,,55,10,
CAT012,ตัว,ปุ่มจับ A003,,55,10,
CAT012,ตัว,ปุ่มจับ A004,,55,10,
CAT012,ตัว,ปุ่มจับ A005,,55,10,
CAT012,ตัว,ปุ่มจับ A006,,120,10,
CAT012,ตัว,ปุ่มจับ A007,,90,10,
CAT012,ตัว,ปุ่มจับ A008,,90,10,
CAT012,ตัว,ปุ่มจับ A009,,90,10,
CAT012,ตัว,ปุ่มจับ A010,,70,10,
CAT012,ตัว,ปุ่มจับ A011,,70,10,
CAT012,ตัว,มือจับ H001,,100,10,
CAT012,ตัว,มือจับ H002,,80,10,
CAT012,ตัว,มือจับ H003,,100,10,
CAT012,ตัว,มือจับ H004,,80,10,
CAT012,ตัว,มือจับ H005,,100,10,
CAT012,ตัว,มือจับ H006,,100,10,
CAT012,ตัว,มือจับ H007,,80,10,
CAT012,ตัว,มือจับ H008 S,,120,10,
CAT012,ตัว,มือจับ H008 M,,130,10,
CAT012,ตัว,มือจับ H008 L,,150,10,
CAT012,ตัว,มือจับ H008 XL,,200,10,
CAT012,ตัว,มือจับ H008 XXL,,170,10,
CAT012,ตัว,มือจับ H009 S,,130,10,
CAT012,ตัว,มือจับ H009 M,,120,10,
CAT012,ตัว,มือจับ H009 L,,110,10,
CAT012,ตัว,มือจับ H010,,100,10,
CAT012,ตัว,มือจับ H011,,80,10,
CAT012,ตัว,มือจับ H012,,100,10,
CAT012,ตัว,มือจับ H013,,80,10,
CAT012,ตัว,มือจับ H014,,80,10,
CAT012,ตัว,มือจับ H015,,70,10,
CAT012,ตัว,มือจับ H016,,100,10,
CAT012,ตัว,มือจับ H017,,100,10,
CAT012,ตัว,มือจับ H018,,150,10,
CAT012,ตัว,มือจับ H019,,120,10,
CAT012,ตัว,มือจับ H020,,120,10,
CAT012,ตัว,มือจับ H021,,140,10,
CAT012,ตัว,มือจับ H022,,120,10,
CAT012,ตัว,มือจับ H023,,120,10,
CAT012,ตัว,มือจับ H024,,120,10,
CAT012,ตัว,มือจับ H025,,120,10,
CAT012,ตัว,มือจับ H026,,190,10,
CAT012,ตัว,มือจับ H027,,190,10,
CAT012,ตัว,มือจับ H028,,100,10,
CAT012,ตัว,มือจับ H029,,80,10,
CAT012,ตัว,มือจับ H030,,100,10,
CAT012,ตัว,มือจับ H031,,100,10,
CAT012,ตัว,มือจับ H032,,80,10,
CAT012,ตัว,มือจับ H033,,100,10,
CAT012,ตัว,มือจับ H034,,80,10,
CAT012,ตัว,ปุ่มจับ A012,,65,10,
CAT012,ตัว,ปุ่มจับ A013,,55,10,
CAT012,ตัว,ปุ่มจับ A014,,55,10,
CAT012,ตัว,ปุ่มจับ A015,,55,10,
CAT012,ตัว,ปุ่มจับ A016,,55,10,
CAT012,ตัว,ปุ่มจับ A017,,55,10,
CAT012,ตัว,ปุ่มจับ A018,,65,10,
CAT012,ตัว,ปุ่มจับ A019,,65,10,
CAT012,ตัว,ปุ่มจับ A020,,65,10,
CAT012,ตัว,ปุ่มจับ A021,,65,10,
CAT012,ตัว,มือจับ H035,,70,10,
CAT012,ตัว,มือจับ H036,,70,10,
CAT012,ตัว,มือจับ H037,,150,10,
CAT012,ตัว,มือจับ H038,,80,10,
CAT012,ตัว,มือจับ H039,,70,10,
CAT012,ตัว,มือจับ H040,,80,10,
CAT012,ตัว,มือจับ H041,,80,10,
CAT012,ตัว,มือจับ H042,,70,10,
CAT012,ตัว,มือจับ H043,,70,10,
CAT012,ตัว,มือจับ H044,,100,10,
CAT012,ตัว,มือจับ H045,,100,10,
CAT012,ตัว,มือจับ H046,,120,10,
CAT012,ตัว,มือจับ H047,,150,10,
CAT012,ตัว,มือจับ H048,,100,10,
CAT012,ตัว,มือจับ H049,,100,10,
CAT012,ตัว,ปุ่มจับ A022,,65,10,
CAT012,ตัว,ปุ่มจับ A023,,45,10,
CAT012,ตัว,ปุ่มจับ A024,,45,10,
CAT012,ตัว,ปุ่มจับ A025,,45,10,
CAT012,ตัว,ปุ่มจับ A026,,45,10,
CAT012,ตัว,ปุ่มจับ A027,,45,10,
CAT012,ตัว,ปุ่มจับ A028,,45,10,
CAT012,ตัว,มือจับ H050,,75,10,
CAT012,ตัว,มือจับ H051,,75,10,
CAT012,ตัว,มือจับ H052,,60,10,
CAT012,ตัว,มือจับ H053,,80,10,
CAT012,ตัว,มือจับ H054,,70,10,
CAT012,ตัว,มือจับ H055,,60,10,
CAT012,ตัว,มือจับ H056,,70,10,
CAT012,ตัว,มือจับ H057,,70,10,
CAT012,ตัว,มือจับ H058,,100,10,
CAT012,ตัว,มือจับ H059,,70,10,
CAT012,ตัว,มือจับ H060,,70,10,
CAT012,ตัว,มือจับ H061,,80,10,
CAT012,ตัว,มือจับ H062,,90,10,
CAT012,ตัว,มือจับ H063,,100,10,
CAT012,ตัว,มือจับ H064,,80,10,
CAT012,ตัว,มือจับ H065,,100,10,
CAT012,ตัว,มือจับ H066,,90,10,
CAT012,ตัว,มือจับ H067,,100,10,
CAT012,ตัว,มือจับ H068,,120,10,
CAT012,ตัว,มือจับ H069,,160,10,
CAT012,ตัว,มือจับ H070,,120,10,
CAT012,ตัว,มือจับ H071,,70,10,
CAT012,ตัว,มือจับ H072,,70,10,
CAT012,ตัว,มือจับ H073,,80,10,
CAT012,ตัว,มือจับ H074,,90,10,
CAT012,ตัว,มือจับ H075,,80,10,
CAT012,ตัว,มือจับ H076,,90,10,
CAT012,ตัว,มือจับ H077,,85,10,
CAT012,ตัว,มือจับ H078 Hefele,,105,10,
CAT012,ตัว,มือจับ H079,,80,10,
CAT012,ตัว,มือจับ H080,,100,10,
CAT012,ตัว,ปุ่มจับ A029,,45,10,
CAT012,ตัว,ปุ่มจับ A030,,45,10,
CAT012,ตัว,ปุ่มจับ A031,,45,10,
CAT012,ตัว,ปุ่มจับ A032,,45,10,
CAT012,ตัว,ปุ่มจับ A033,,45,10,
CAT012,ตัว,ปุ่มจับ A034,,45,10,
CAT012,ตัว,ปุ่มจับ A035,,45,10,
CAT012,ตัว,ปุ่มจับ A036,,45,10,
CAT012,ตัว,ปุ่มจับ A037,,45,10,
CAT012,ตัว,ปุ่มจับ A038,,70,10,
CAT012,ตัว,ปุ่มจับ A039,,70,10,
CAT012,ตัว,มือจับ H081,,70,10,
CAT012,ตัว,มือจับ H082,,60,10,
CAT012,ตัว,มือจับ H083,,65,10,
CAT012,ตัว,มือจับ H084,,60,10,
CAT012,ตัว,มือจับ H085,,60,10,
CAT012,ตัว,มือจับ H086,,60,10,
CAT012,ตัว,มือจับ H087,,60,10,
CAT012,ตัว,มือจับ H088,,60,10,
CAT012,ตัว,มือจับ H089,,20,10,
CAT012,ตัว,มือจับ H090,,15,10,
CAT012,ตัว,ปุ่มจับ A040,,25,10,
CAT012,ตัว,ปุ่มจับ A041,,25,10,
CAT012,ตัว,ปุ่มจับ A042,,25,10,
CAT012,ตัว,ปุ่มจับ A043,,25,10,
CAT012,ตัว,ปุ่มจับ A044,,30,10,
CAT012,ตัว,ปุ่มจับ A045,,30,10,
CAT012,ตัว,ปุ่มจับ A046,,30,10,
CAT012,ตัว,ปุ่มจับ A047,,30,10,
CAT012,ตัว,ปุ่มจับ A048,,30,10,
CAT012,ตัว,ปุ่มจับ A049,,30,10,
CAT012,ตัว,ปุ่มจับ A050,,30,10,
CAT012,ตัว,ปุ่มจับ A010,,30,10,
CAT012,ตัว,มือจับ H091,,30,10,
CAT012,ตัว,มือจับ H092,,30,10,
CAT012,ตัว,มือจับ H093,,20,10,
CAT012,ตัว,มือจับ H094,,10,10,
CAT012,ตัว,มือจับ H090,,10,10,
CAT012,ตัว,มือจับ H091,,10,10,
CAT012,ตัว,มือจับ H092,,10,10,
CAT012,ตัว,มือจับ H093,,10,10,
CAT012,ตัว,มือจับ H094,,10,10,
CAT012,ตัว,มือจับ H095,,10,10,
CAT012,ตัว,มือจับ H096,,10,10,
CAT012,ตัว,มือจับฝัง J001 #ทองเงา PP,,170,10,
CAT012,ตัว,มือจับฝัง J002 #ทองเงา PP,,150,10,
CAT012,ตัว,มือจับฝัง J003 #เงินด้าน PP,,220,10,
CAT012,ตัว,มือจับฝัง J004 #ดำด้าน PP,,140,10,
CAT012,ตัว,มือจับฝัง J005 #ดำด้าน PP,,100,10,
CAT012,ตัว,มือจับฝัง J006 #โรสโกลด์ PP,,170,10,
CAT012,ตัว,มือจับฝัง J007 #โรสโกลด์ PP,,140,10,
CAT012,ตัว,มือจับฝัง J008 #โรสโกลด์ PP,,100,10,
CAT012,ตัว,มือจับฝัง J009 #โรสโกลด์ PP,,190,10,
CAT012,ตัว,มือจับฝัง J010 สามเหลี่ยม PP,,200,10,
CAT012,ตัว,มือจับฝัง J011 สามเหลี่ยม PP,,150,10,
CAT012,ตัว,มือจับฝัง J012 สามเหลี่ยม PP,,170,10,
CAT012,ตัว,มือจับฝัง J013 สามเหลี่ยม PP,,100,10,
CAT012,ตัว,มือจับฝัง J014 สามเหลี่ยม,,130,10,
CAT012,ตัว,มือจับฝัง J015 #เงินด้าน PP,,70,10,
CAT012,ตัว,มือจับฝัง J016 #ทองแดง Pyramid,,80,10,
CAT012,ตัว,มือจับฝัง J017 #ทอง Pyramid,,80,10,
CAT012,ตัว,มือจับฝัง J018 #ทอง Pyramid,,70,10,
CAT012,ตัว,มือจับฝัง J019 #เงิน Modern Form,,175,10,
CAT012,ตัว,มือจับฝัง J020 #เงิน Ben-Ley,,80,10,
CAT012,ตัว,มือจับฝัง J021 #เงิน Ben-Ley,,70,10,
CAT012,ตัว,มือจับฝัง J022,,120,10,
CAT012,ตัว,มือจับฝัง J023,,160,10,
CAT012,ตัว,มือจับฝัง J024,,160,10,
CAT012,ตัว,มือจับฝัง J025,,100,10,
CAT012,ตัว,มือจับฝัง J026,,25,10,
CAT012,ตัว,มือจับฝัง J027,,20,10,
CAT012,ตัว,มือจับฝัง J028,,40,10,
CAT012,ตัว,มือจับฝัง J029 Yaha,,50,10,
CAT012,ตัว,มือจับฝัง J030,,30,10,
CAT012,ตัว,มือจับฝัง J031,,20,10,
CAT012,ตัว,มือจับฝัง J032,,65,10,
CAT012,ตัว,มือจับฝัง J033,,65,10,
CAT012,ตัว,มือจับซ่อน I01 Idea,,320,10,
CAT012,ตัว,มือจับซ่อน I02 Idea,,250,10,
CAT012,ตัว,มือจับซ่อน I03,,300,10,
CAT012,ตัว,มือจับซ่อน I04,,150,10,
CAT012,ตัว,มือจับซ่อน I05,,250,10,